,std,mean
,CONSO_JOURNALIERE,CONSO_JOURNALIERE
SITE_NAME,,
,15.038896477891166,14.804545454545455
0001BB,23.847284537907726,24.847142857142856
0001BR,21.139377080731226,22.43885714285714
0001KO,20.574752342363194,22.52114285714286
0002BB,23.378151032840165,24.35885714285714
0002BR,20.990938012758317,22.005142857142857
0002KO,21.68337490011238,22.4
0003BB,21.544262286720137,22.425142857142855
0003BR,21.3654856833959,22.66257142857143
0003KO,23.104649787828027,43.72727272727273
0004BB,118.76954767899478,119.21111111111112
0004BR,20.358550442859475,21.43942857142857
0004KO,20.84148334613511,21.80314285714286
0005KO,29.39271844575759,29.0065
0006BB,21.948163951463822,23.06142857142857
0006BR,25.05673378870228,25.6835
0007BB,16.120499726390978,16.419428571428572
0007BR,22.305282055222378,24.654285714285713
0007KO,33.74170648268455,65.00818181818182
0008BB,32.71390483241122,33.12708333333333
0008BR,207.22470219546705,191.91
0008KO,23.082509468455648,23.74514285714286
0009BB,23.303781739480492,24.280857142857144
0009BR,50.662770354571016,57.42
0009KO,29.438693399859126,50.66909090909091
0010BB,24.455195979999182,25.49685714285714
0010BR,21.146437397865597,22.599714285714285
0010KO,22.328840595806607,22.907999999999998
0011BB,18.62116150508124,17.370285714285714
0011BR,22.249293377505712,23.529714285714284
0011KO,18.6050309135491,19.328
0012BB,12.902734496183031,13.166857142857143
0012BR,22.449863064095485,23.821142857142856
0012KO,17.261120434533275,18.134857142857143
0013BB,27.25423141458955,88.86600000000001
0013BR,25.446624388572822,25.356857142857145
0013KO,4.652762620207482,51.47
0014BR,3.040559159102147,85.34
0014KO,21.07744274747554,20.013142857142856
0015BB,22.672951096594627,23.713428571428572
0015BR,1.5344217151748067,59.644999999999996
0015KO,36.982345401942425,36.121428571428574
0016BB,16.753394500002894,29.665454545454544
0016BR,23.52227572166542,25.525142857142857
0016KO,18.582760430304322,19.788285714285717
0017BB,22.098036788727782,22.757714285714286
0017BR,18.003079115725143,21.418
0017KO,18.270776790761115,19.044857142857143
0018BB,25.05679508300958,26.597142857142856
0018BR,24.02082226288005,24.789142857142856
0018KO,19.851074492011634,20.800571428571427
0019BB,15.585944120188776,16.366000000000003
0019BR,34.94633313531969,34.332173913043476
0019KO,18.56591490615319,19.139142857142858
0020BB,21.24158408927754,22.347714285714286
0020BR,19.755123031941107,21.584411764705884
0020KO,24.886101696470238,25.548000000000002
0021BB,9.653987687006316,9.75
0021BR,19.101066721939024,17.739714285714285
0021KO,23.67684559460834,24.266571428571428
0022BB,7.6454702027964725,7.739714285714285
0022BR,21.217260640234176,22.044571428571427
0022KO,14.397384146160052,14.740571428571428
0023BB,8.132305202042017,8.330571428571428
0023BR,24.221540278136278,25.295714285714286
0023KO,13.152201100253624,14.256571428571428
0024BB,4.843681451127846,123.435
0024BR,17.18073104753494,17.825714285714284
0024KO,11.38699500955338,11.778529411764707
0025BB,9.494894098913363,9.795142857142856
0025BR,23.698016220205208,25.160857142857143
0025KO,21.59553226437155,22.827428571428573
0026BB,24.927547769278497,22.834705882352942
0026BR,21.482644208404,22.564857142857143
0026KO,23.708426273450467,45.25818181818182
0027BR,25.76522132480073,23.066285714285716
0027KO,18.318375019672036,20.06114285714286
0028BB,5.359869401394029,32.15
0028KO,23.63436942571687,23.696285714285715
0029BB,24.324848750253086,24.904571428571426
0029BR,28.47082872937754,28.996086956521737
0029KO,16.787574676808195,17.988
0030BB,27.593040171071273,28.624000000000002
0030BR,20.189644862252177,21.31142857142857
0030KO,23.914865420805487,40.815000000000005
0031BB,22.925298454844537,23.897142857142857
0031BR,37.66866115663435,67.685
0031KO,16.66665105769577,19.37314285714286
0032BB,10.026774157225246,61.239999999999995
0032BR,23.82210223632631,24.85542857142857
0032KO,18.195277173722072,19.776571428571426
0033BB,21.85216421795341,22.643142857142855
0033BR,21.82705904116619,22.877714285714287
0033KO,17.34651305381143,19.212857142857143
0034BB,11.327850634608494,97.00999999999999
0034BR,22.935672905369557,23.344117647058823
0034KO,129.83571283120278,137.4602857142857
0035BB,22.436498167049162,99.565
0035BR,27.40366692324836,28.495428571428572
0035KO,20.895578869763842,21.638857142857145
0036BB,21.863061811656276,19.75030303030303
0036BR,16.059529472894162,16.951142857142855
0036KO,21.79186043403524,22.532
0037BB,5.0416713498600805,139.035
0037BR,39.24584793325276,69.76599999999999
0037KO,16.104709593545515,16.923714285714286
0038BB,44.64103993408304,47.07378378378378
0038BR,16.222489431691567,17.10885714285714
0038KO,17.67482844341641,18.294285714285714
0039BB,0.6010407640085614,72.075
0039BR,2.6822052494169792,25.9275
0039KO,30.95786750576017,32.83428571428571
0040BB,20.385872155230736,21.476
0040BR,13.829104574531682,246.13666666666668
0040KO,23.95736121453355,43.11818181818182
0041BR,28.289374671910497,30.375714285714288
0041KO,14.25496721918953,14.444857142857142
0042BB,16.091900556783582,16.648
0042BR,22.63479073825747,23.368
0042KO,17.9906126408546,18.78257142857143
0043BB,27.554070943260243,29.494571428571426
0043BR,92.41014608797023,109.13
0043KO,97.36534149896505,106.05428571428571
0044BB,18.453121933453676,31.85090909090909
0044BR,59.74432274283473,103.39
0044KO,20.94361791567659,20.337741935483873
0045BB,9.225037150069808,9.101142857142857
0045BR,34.73278016731832,37.28628571428571
0045KO,23.467617785744995,22.615142857142857
0046BB,11.641445829810118,12.070857142857143
0046BR,23.75495427495162,25.29057142857143
0046KO,19.16811450773165,20.19542857142857
0047BB,10.295474734076134,47.22
0047BR,24.84107317131289,26.451142857142855
0047KO,12.688001158536157,12.30655172413793
0048BB,23.42229236927788,22.292857142857144
0048BR,40.56793703315526,43.972857142857144
0048KO,0.2687005768508886,27.35
0049BB,20.17498791769134,21.210857142857144
0049BR,113.82734506053197,131.296
0050BR,26.19217962455299,25.312121212121212
0050KO,14.71462725066627,14.109142857142857
0051BB,2.481944801964783,55.425
0051BR,6.7811540315789935,99.295
0051KO,13.12302557721733,12.443243243243243
0052BR,20.919073071034013,22.363714285714288
0052KO,24.226743893141435,25.14257142857143
0053BB,114.17612762671509,121.33085714285714
0053BR,21.532715515675015,22.674857142857142
0053KO,21.519811731862106,20.739714285714285
0054BB,32.17169017536218,33.675714285714285
0054BR,26.69095154957666,28.087714285714284
0054KO,19.345295639026677,20.256857142857143
0055BR,10.323759005323595,100.38
0055KO,15.09345946055426,15.158571428571427
0056BB,19.42422327919446,19.195
0056BR,24.829984475944205,24.27942857142857
0056KO,20.044202204547997,21.058571428571426
0057BR,25.915239366607658,25.97542857142857
0057KO,19.35010510470228,19.340285714285713
0058BR,23.736285162875284,64.83666666666666
0058KO,19.487723465873405,20.106
0059BR,17.834628963118377,18.90742857142857
0059KO,54.3933963490657,54.76428571428571
0060BB,23.895837378790755,25.250285714285713
0060BR,20.450570405638235,21.902285714285714
0060KO,18.51344064559084,19.44085714285714
0061BB,20.02692838415821,21.005714285714287
0061BR,205.56109100054255,186.5666666666667
0061KO,23.322304345840273,36.414
0062BB,22.107500050602628,23.24342857142857
0062BR,21.45661909195255,22.841714285714286
0062KO,20.656535580413138,21.587142857142855
0063BB,24.76964328034003,23.728
0063BR,18.028729514282468,17.856571428571428
0063KO,18.936374658579293,19.691714285714287
0064BB,17.9542654529005,15.02421052631579
0064BR,0.5936609582357041,31.926666666666666
0064KO,12.533661848307982,12.841714285714286
0065BB,10.115080263621039,10.525714285714285
0065BR,30.14573072885231,32.972
0066BB,7.642753906330314,14.254545454545456
0066BR,18.976778498598595,19.52885714285714
0067BB,0.8202438661763952,58.44
0067BR,16.179413769230525,15.896285714285714
0068BB,0.7636753236814752,68.65
0068BR,15.019206874067963,14.593142857142857
0069BB,24.799536109130557,23.273684210526316
0069BR,0.8343860018001233,59.36
0070BB,25.5214985828804,26.015714285714285
0070BR,20.05482863962457,20.742
0070KO,8.317448875605992,8.961714285714287
0071BB,9.461088732276002,37.72
0071BR,37.11424838701888,43.03666666666667
0071KO,8.287303166984577,8.686571428571428
0072BB,13.621221610092855,14.054285714285715
0072BR,39.6540889768085,17.34125
0072KO,25.353688273916067,46.64090909090908
0073BB,20.64782167280444,19.883142857142857
0073BR,6.68923015002474,78.93
0073KO,18.64078566617032,18.85457142857143
0074BB,15.042223921488528,15.573714285714287
0074BR,25.75771060863755,25.351714285714284
0074KO,39.83006439864239,64.265
0075BB,0.0,107.22
0075BR,27.28750135597067,28.79857142857143
0076BB,0.2969848480983512,39.01
0076BR,46.58087649837798,77.03625
0076KO,7.663443950888255,8.019166666666667
0077BB,2.114249275747777,24.935000000000002
0077BR,23.890708305978382,23.790857142857142
0077KO,17.30599660485911,17.968571428571426
0078BB,11.306637431172893,48.435
0078BR,38.562415045191955,41.404
0078KO,6.4842197227658325,6.758518518518518
0079BB,20.22123153286867,21.078
0079BR,23.55725757675997,22.009142857142855
0080BB,22.536291038711596,24.06742857142857
0080BR,52.32572819778595,56.74257142857143
0080KO,10.818733752154182,34.05
0081BB,15.28472880366051,16.270416666666666
0081BR,22.724767585570195,44.412727272727274
0081KO,10.006688788215696,10.229714285714286
0082BB,0.6788225099390862,26.93
0082BR,17.26810450898805,68.97666666666667
0082KO,26.961450301598976,24.459032258064518
0083BB,24.558763385961015,23.027619047619048
0083BR,35.39246775014958,37.220285714285716
0083KO,27.019452615918507,23.664571428571428
0084BR,40.80535466199147,60.22090909090909
0084KO,10.59432120610763,18.662727272727274
0085BB,7.63576906694391,8.113142857142856
0085BR,407.4134104731131,306.32666666666665
0085KO,25.046274746066775,24.639142857142858
0086BB,24.416255017731714,43.07090909090909
0086BR,110.42539555523182,113.37599999999999
0086KO,13.291023811188506,13.425142857142857
0087BB,8.061017305526645,82.27
0087BR,108.96146330448461,210.86636363636364
0087KO,21.253667961511532,39.92272727272727
0088BB,26.847524321338714,28.967142857142857
0088BR,24.269475253404845,26.40342857142857
0088KO,36.148679690430534,37.66085714285715
0089BB,18.551040748764443,18.972083333333334
0089BR,51.745767298720516,99.14333333333333
0089KO,15.960454659600915,16.314
0090BB,8.761053018901329,80.785
0090BR,21.936775028601225,24.266857142857145
0090KO,17.542441389839855,17.790285714285712
0091BB,16.62318779912692,18.27457142857143
0091BR,31.227012532234202,34.95454545454545
0091KO,9.760490546018922,9.560967741935483
0092BB,18.265458685957036,18.806857142857144
0092BR,18.548917805756375,20.311999999999998
0092KO,8.566796906878176,9.037142857142857
0093BB,6.30724277545834,7.073428571428571
0093BR,1.27985676281892,85.77333333333333
0093KO,10.561512337593648,9.835714285714285
0094BB,1.5839191898578628,34.93
0094BR,1.039446968344224,28.335
0094KO,9.61917794667236,10.427428571428571
0095BR,19.813132008847067,61.91
0095KO,16.836212460051698,47.415
0096BB,14.852266878445572,15.557428571428572
0096BR,24.27322950470817,23.39
0096KO,23.8004480679523,24.612
0097BB,20.483747113219284,21.795714285714286
0097BR,1.0889444430272928,106.59
0097KO,7.008904324638251,7.233142857142857
0098BB,8.81726245555529,9.212916666666667
0098BR,1.0467568963231146,61.21
0098KO,8.350181077893668,8.776285714285715
0099BB,15.552184898786743,16.694857142857146
0099BR,29.402500841157813,37.315714285714286
0099KO,15.079686057628605,15.84485714285714
0100BB,17.589278342360785,18.31142857142857
0100BR,14.131923537054073,18.35142857142857
0100KO,1.199430420380163,71.64333333333333
0101BB,19.265777788127643,20.11342857142857
0101BR,25.823682033774976,27.031428571428574
0101KO,12.017891655025549,11.224857142857143
0102BB,6.293250352560269,54.42
0102BR,32.91489118648552,54.51272727272727
0103BB,7.537758287448594,37.61
0103BR,19.442299665999418,16.998857142857144
0103KO,18.592706408606535,19.574857142857145
0104BR,22.92576281358584,31.316842105263156
0104KO,9.665705406663468,9.200857142857142
0105BB,13.100401728746546,20.543636363636367
0105BR,32.882901505624034,34.06057142857143
0105KO,11.798295190906385,11.322
0106BB,9.235064253415127,9.0
0106BR,28.68769213443284,92.894
0106KO,13.900211926321074,13.137142857142857
0107BB,3.203193718775061,35.115
0107BR,20.202040738499672,103.66499999999999
0107KO,18.788868150757636,17.424285714285716
0108BB,4.080006127446378,26.555
0108BR,35.8528138014158,37.71114285714286
0108KO,30.742972891739377,32.926
0109BB,6.724585489084061,79.345
0109BR,32.98003791957296,34.064
0110BB,7.150612571306569,7.670833333333333
0110BR,18.07432503708558,19.90542857142857
0110KO,10.936374854492836,11.15857142857143
0111BB,11.640404712099654,12.068636363636363
0111BR,16.49849235536387,50.660000000000004
0111KO,11.180860695060685,12.908000000000001
0112BB,16.669544699967112,17.101714285714284
0112BR,24.957217538674605,44.234545454545454
0112KO,20.70363988620878,21.266857142857145
0113BB,0.41719300090006545,49.095
0113BR,0.38890872965260415,78.025
0113KO,14.878844601200278,24.128333333333334
0114BB,15.877333889182129,14.974571428571428
0114BR,16.702884101583304,17.41257142857143
0115BB,0.1979898987322316,47.480000000000004
0115BR,17.620191115818898,18.52342857142857
0115KO,22.4176819842333,21.468571428571426
0116BB,104.33360556407509,75.735
0116BR,10.39786131047788,10.095142857142857
0117BB,30.601281375429064,33.47727272727273
0117BR,10.478296641353579,9.956285714285714
0118BB,7.164601028610015,7.372571428571429
0118BR,1.435426765808692,33.675
0118KO,22.33562813913564,23.574571428571428
0119BB,7.628794733829787,13.61909090909091
0119BR,16.80818163871393,52.072
0120BB,3.457752160002218,29.875
0120BR,5.058751963535218,5.858571428571428
0120KO,8.99999559139677,8.681612903225806
0121BR,16.495007398934657,31.62090909090909
0122BB,28.85171534157476,27.264285714285716
0122BR,644.5641330804729,212.23142857142858
0123BB,8.32884474353465,8.183809523809524
0123BR,12.840669764463229,69.24
0124BB,22.938543981691602,21.689999999999998
0124BR,12.87731684361727,28.35909090909091
0125BB,8.003204242755555,7.905714285714286
0125BR,0.7919595949289314,71.24000000000001
0125KO,17.6837227201655,19.315142857142856
0126BB,32.215807897480936,31.804571428571432
0126BR,2.9981327522309527,100.75999999999999
0126KO,13.617874949905381,14.202285714285713
0127BB,1.30107647738325,81.25
0127BR,10.117387673373663,26.92
0128BB,38.82723335495332,55.855000000000004
0128BR,24.699926812397948,26.080857142857145
0128KO,3.5567471093683336,7.675
0129BB,19.47462003599091,18.03742857142857
0129BR,20.86868330434728,21.835714285714285
0129KO,25.535514754582735,24.27257142857143
0130BB,41.29503602129437,41.57
0130BR,12.9310756050114,13.498857142857142
0130KO,23.384244446188298,23.64962962962963
0131BB,4.72347329832614,52.84
0131BR,10.139665583798141,11.787714285714285
0131KO,8.48392159005601,9.072571428571429
0132BR,0.3394112549695419,31.479999999999997
0132KO,10.044144939367671,10.503714285714286
0133BB,22.717738789639384,21.785714285714285
0133BR,18.86522717336107,19.465142857142855
0133KO,26.472258747475202,28.46142857142857
0134BB,5.299609831841199,5.440571428571429
0134BR,115.12612779035001,133.54
0134KO,20.459810993319387,21.704
0135BB,23.577550470531843,22.785238095238096
0135KO,16.95682928285035,17.686285714285713
0136BB,6.243752877877213,51.195
0136BR,5.2656465256731115,78.79333333333334
0136KO,20.03102953004696,20.259714285714285
0137BB,16.714992207379385,16.355833333333333
0137BR,8.655959411488324,83.55666666666667
0137KO,8.01437021330849,8.377714285714285
0138BB,0.6363961030678943,33.69
0138BR,20.195195160310416,21.214285714285715
0138KO,0.3535533905932738,51.68
0139BB,16.0250708470251,13.340000000000002
0139BR,25.963858096837754,45.42545454545455
0139KO,6.223205218637523,6.671428571428572
0140BB,2.8920667350529805,22.525
0140BR,15.045345902747915,59.416666666666664
0140KO,8.690342340782665,62.885000000000005
0141BB,10.812799192926622,10.448285714285714
0141BR,4.805250600471664,73.80333333333333
0141KO,2.6516504294495533,79.475
0142BB,0.02121320343559723,20.575
0142BR,7.836174661997603,44.06333333333333
0143BB,30.990926091357775,35.89
0143BR,0.33605555096342865,29.246666666666666
0143KO,22.351502393332098,22.196250000000003
0144BB,15.811939521405066,16.30457142857143
0144BR,1.873832970144355,63.045
0144KO,15.96468119676324,16.743142857142857
0145BB,11.690913889128824,11.521714285714285
0145BR,7.661874562937052,14.147272727272728
0146BB,20.575952035929564,21.179142857142857
0146BR,78.74556050978367,100.35000000000001
0146KO,12.721017664486126,13.134857142857143
0147BB,11.073292193381334,7.83
0147BR,3.896158364337873,33.504999999999995
0147KO,20.604077906728918,21.968285714285713
0148BB,0.014142135623730649,39.739999999999995
0148BR,37.08520580927071,38.37428571428571
0149BB,20.495383438903804,14.926153846153845
0149BR,24.685899096576357,26.28472222222222
0150BB,22.814694546995963,42.13545454545454
0150BR,2.6171151420345793,69.8475
0150KO,14.214400131290695,13.913714285714287
0151BB,12.357272910376,12.47942857142857
0151BR,15.067403005605623,46.01666666666667
0151KO,1.5061374439273456,37.065
0152BB,24.402822270424068,22.786190476190477
0152BR,25.021659927874857,27.531428571428574
0152KO,9.657022437218483,9.08
0153BB,14.595690528947461,14.32057142857143
0153BR,12.44927842621143,50.60666666666666
0153KO,23.20486996843768,23.60257142857143
0154BB,25.472574040235788,26.221999999999998
0154BR,9.574175155905932,9.857714285714286
0154KO,9.253658536088365,9.669142857142857
0155BB,24.011335362819725,25.017916666666665
0155BR,20.363557848158415,20.67
0155KO,16.694084747185705,17.47142857142857
0156BB,11.305968327920116,9.719142857142858
0156BR,18.005918060740033,18.040285714285712
0156KO,6.2877315116841,6.691714285714286
0157BB,7.795498453239136,8.20742857142857
0157BR,1.5697770542341347,69.38
0157KO,20.107952709932306,20.22285714285714
0158BB,33.70690034833279,35.705714285714286
0158BR,29.12540865079201,25.936571428571426
0158KO,12.89622820893019,13.39257142857143
0159BR,50.20404864988814,53.97857142857143
0159KO,3.7123106012293743,30.265
0160BR,18.754771905936295,20.231142857142856
0160KO,22.95235301095501,22.869714285714288
0161BB,0.15556349186103965,108.52
0161BR,21.03937655241442,26.57428571428571
0161KO,4.778220423982978,5.1408571428571435
0162BB,43.63896642245514,43.91914285714286
0162BR,17.138171151560133,18.411142857142856
0162KO,7.6745592758836265,7.776521739130436
0163BB,17.0451821330715,17.523142857142854
0163BR,0.014142135623728137,47.22
0163KO,0.8980256121069153,5.654999999999999
0164BB,25.972032072981893,37.125
0164BR,211.21632733605924,161.71333333333334
0165BB,24.23910513296765,26.319999999999997
0165BR,22.364555853464367,21.53090909090909
0166BB,22.39827282882066,23.280857142857144
0166BR,24.15670274008287,45.085454545454546
0166KO,13.042370621500197,11.194571428571429
0167BB,32.22098597931156,33.649142857142856
0167BR,15.597337379608529,58.156666666666666
0167KO,1.2515790027001938,37.504999999999995
0168BB,87.99974271161777,96.77942857142857
0168BR,11.014009260936728,49.52
0168KO,1.5485638507985375,22.945
0169BB,29.071177174440187,32.323846153846155
0169BR,2.8297703086999806,73.47
0169KO,6.884741955576243,6.761111111111112
0170BB,9.963134546918457,55.275
0170BR,960.3089387795992,590.38
0170KO,8.748197329835394,9.265
0171BB,0.8202438661764079,69.57
0171BR,14.717941306532005,14.789142857142858
0171KO,13.203354062032684,13.84057142857143
0172BB,8.466818129834696,8.872857142857143
0172BR,28.105078426030644,46.38666666666666
0172KO,12.784172744965131,13.184857142857142
0173BB,14.580150706417566,15.153714285714285
0173BR,19.678835865172598,20.31885714285714
0173KO,0.02121320343559723,67.725
0174BR,82.79498918010276,101.76333333333334
0174KO,7.728329854255856,7.258518518518518
0175BB,20.47821071162175,20.709142857142854
0175BR,40.07115587718095,44.93
0175KO,6.31352369770491,6.037407407407407
0176BB,21.41939995942577,19.956285714285716
0176BR,11.548616078705418,17.046666666666667
0176KO,26.5849509049741,24.17421052631579
0177BB,8.409543877957598,8.792000000000002
0177BR,9.028172572564173,33.34
0177KO,28.414431083192788,29.610571428571426
0178BB,0.03535533905932662,23.674999999999997
0178BR,18.21838213352177,19.043714285714284
0178KO,18.910148950585594,21.833333333333332
0179BB,7.085091045713557,7.742857142857143
0179BR,2.3263920563825873,44.52
0179KO,0.5868986283848407,49.675
0180BB,0.08485281374238891,45.86
0180BR,12.57141817608432,11.47742857142857
0180KO,8.968290938946582,9.439032258064517
0181BB,9.740886686815433,9.980285714285714
0181BR,18.63253160334311,19.371142857142857
0181KO,19.77045738494899,20.398285714285713
0182BB,21.994757761927,20.043684210526315
0182BR,20.38222149180939,20.88
0183BB,0.8555992052357219,31.115000000000002
0183BR,0.5727419430540531,25.856666666666666
0184BR,14.846215419052344,15.547714285714285
0184KO,23.97126675835051,62.974000000000004
0185BB,14.967160186821381,15.463333333333333
0185BR,16.416205629582226,17.314545454545456
0185KO,18.363298717413116,17.89258064516129
0186BB,0.9333809511662379,75.75
0186BR,28.375312112820893,28.97
0186KO,15.465891079752124,16.103142857142856
0187BB,6.010407640085654,84.77
0187BR,15.619532670356566,16.25142857142857
0188BB,14.09514212757852,15.604857142857146
0188BR,21.438260699463978,39.31727272727273
0188KO,10.181302379914886,10.153714285714285
0189BB,2.842569260369918,50.25
0189BR,21.53389746423067,41.06
0190BB,16.32524044889648,14.955714285714285
0190BR,16.85490264561849,16.83457142857143
0190KO,8.509959888913952,8.273428571428571
0191BB,0.07778174593051983,33.655
0191BR,18.875229577322727,20.047142857142855
0192BR,13.191271061661277,26.481
0192KO,41.04003220468211,40.159142857142854
0193BB,13.103731863079915,12.642285714285714
0193BR,10.088495097552126,67.01666666666667
0193KO,9.451618526639194,9.608857142857143
0194BB,13.180779154907146,13.475
0194BR,21.117325249999958,22.47085714285714
0194KO,12.54465623283476,14.479999999999999
0195BB,0.5515432893255041,26.060000000000002
0195BR,15.047470533097728,24.47222222222222
0196BB,32.497482575299344,32.29541666666667
0196BR,20.47929349818675,22.22714285714286
0197BR,20.816331508673464,21.896857142857144
0197KO,38.85913608765629,37.67885714285714
0198BB,15.790038993890153,16.202571428571428
0199BB,20.059025986558066,21.060000000000002
0199BR,4.879036790187182,93.28
0199KO,29.207534891607068,33.385000000000005
0200BB,0.14849242404917182,30.225
0200KO,12.520913161049984,13.264285714285714
0201BR,2220.1975726852984,-557.9107692307692
0201KO,18.42126952987869,19.356285714285715
0202BR,17.092310015930327,17.230285714285714
0202KO,21.97861170786367,22.545428571428573
0203BR,21.462653962780337,22.607142857142858
0203KO,9.270986260186085,9.060645161290322
0204BB,11.384419177103416,31.150000000000002
0204BR,12.99759289285533,13.312857142857142
0204KO,7.852619601219029,8.147916666666667
0205BR,25.065650128485323,46.10818181818182
0205KO,22.848444012262906,23.486571428571427
0206BR,31.085986124511688,97.81666666666666
0206KO,12.859443206060378,12.849354838709678
0207BB,16.166006236762957,16.518
0207BR,23.981714909488858,53.6375
0207KO,23.939601054642967,25.59114285714286
0208KO,14.650511294028977,15.272
0209BB,44.89277651619839,47.95
0209BR,28.158409519478663,73.05666666666666
0209KO,8.489122501197409,8.86142857142857
0210BR,1318.7950866352714,853.6866666666666
0210KO,16.602391925474443,16.9
0211BB,10.623685682426396,8.417142857142858
0211BR,23.87036100364727,47.833
0211KO,6.1447579285111,21.795
0212BB,33.63490955875519,36.06923076923077
0212BR,142.76225563268932,112.59333333333335
0212KO,16.94869959803749,15.487741935483871
0213BB,12.297483912908172,12.912
0213BR,26.093130002614355,56.88333333333333
0213KO,7.224227919456726,6.909032258064516
0214BB,12.522861094813761,81.435
0214BR,0.39597979746446066,56.7
0214KO,20.00702314923731,21.042
0215BB,2.0293964620053946,120.185
0215BR,21.928069165134545,23.45057142857143
0215KO,7.276160948691316,7.613714285714286
0216BR,22.81153874687106,83.21
0216KO,13.875494086138115,14.748571428571429
0217BB,11.516646879936143,11.92875
0217BR,8.492969641611428,44.96666666666667
0217KO,23.67995740696547,22.78806451612903
0218BB,16.369447211705307,16.80542857142857
0218BR,3.9032294321497396,52.21
0218KO,19.974051225350884,21.682
0219BB,0.28991378028648335,30.244999999999997
0219BR,18.41396609296127,33.54545454545455
0219KO,23.181035218072395,23.760571428571428
0220BB,23.090045001066162,23.014285714285716
0220BR,14.86277962398893,16.033714285714286
0221BR,11.247727180310212,11.767428571428573
0221KO,32.07934496421854,38.482
0222BB,2.213244225113894,27.655
0222BR,5.234551875121053,21.233333333333334
0222KO,0.2262741699796954,27.86
0223BR,204.28771141048432,153.86333333333332
0223KO,9.990838912967916,10.907142857142857
0224BB,30.32634001417682,31.52114285714286
0224BR,6.344858811142551,52.94333333333333
0224KO,14.17727076649644,14.992285714285714
0225BB,16.814136469354708,17.29171428571429
0225BR,96.99168417962439,131.61
0225KO,27.823800363477783,61.91
0226BB,24.279495872689218,24.929142857142857
0226BR,0.6143560314128409,25.323333333333334
0226KO,21.590510684016685,22.328857142857142
0227BB,19.770705601975866,31.46
0227BR,1.310737705772339,25.823333333333334
0227KO,20.668166924853626,21.097714285714286
0228BB,6.088189386016169,77.465
0228BR,18.430306895678854,17.976285714285712
0228KO,21.19091533589593,21.736857142857144
0229BB,9.927779207859121,72.83
0229BR,59.66376873781944,84.08
0229KO,21.8141735591158,21.602857142857143
0230BB,25.6679912987153,26.428571428571427
0230KO,20.162316826990214,21.209142857142858
0231BB,0.7848885271170674,54.075
0231BR,29.110647646291802,29.116285714285716
0231KO,6.3163081175077345,7.355999999999999
0232BB,21.604186833562977,22.743714285714287
0232BR,15.867476169826126,35.660000000000004
0232KO,6.972928239648973,7.428000000000001
0233BB,0.5939696961967024,79.28
0233BR,21.38050884538053,22.68342857142857
0233KO,0.08485281374238891,35.39
0234BB,13.662970412915403,14.185714285714285
0234BR,0.837217614084495,22.993333333333336
0234KO,1.5273506473629441,22.200000000000003
0235BB,26.497234583626085,27.10166666666667
0235BR,27.023100959263456,44.46636363636364
0235KO,15.873301298647585,16.23
0236BB,0.22627416997969793,54.709999999999994
0236BR,27.605009903361854,29.034000000000002
0236KO,29.414291721525302,28.638857142857145
0237BB,21.609183233060893,47.82
0237BR,39.73247374629472,71.09200000000001
0237KO,14.006827541516236,20.502000000000002
0238BB,879.0638328198753,319.92583333333334
0238BR,23.15198297140056,23.322352941176472
0238KO,18.90614595728022,20.205428571428573
0239BB,19.64520793022687,17.063714285714287
0239BR,25.736952386622246,27.243714285714287
0239KO,20.34268536597761,21.96142857142857
0240BB,8.937829714197958,12.559999999999999
0240BR,168.19420808497935,183.2266666666667
0240KO,14.884695043961235,13.874137931034484
0241BR,20.185299014444176,21.34914285714286
0241KO,16.91399420598221,59.92
0242BB,15.179805846789296,15.54657142857143
0242BR,23.107591826064432,69.24
0242KO,19.047623054691456,19.818285714285715
0243BB,31.76323661089971,40.949999999999996
0243BR,15.205102313487942,29.318181818181817
0243KO,6.105110244085441,6.746285714285714
0244BB,0.2262741699796929,34.42
0244BR,24.61858651882504,24.24085714285714
0244KO,30.771113855354013,32.68857142857143
0245BB,15.35100783924861,15.903714285714285
0245BR,337.89158275991423,270.61999999999995
0245KO,23.358842437072948,63.818000000000005
0246BB,0.021213203435595972,22.455
0246BR,21.511130017315427,22.809714285714286
0246KO,18.752217468875514,19.516000000000002
0247BB,22.28093467518812,64.41499999999999
0247BR,20.28492931905338,21.756857142857143
0247KO,15.376629970305503,16.96485714285714
0248BB,24.563482671485758,20.59857142857143
0248BR,14.525704802177414,51.04
0248KO,24.920578054857305,22.918
0249BB,6.173731040301577,6.154571428571429
0249KO,25.923737063419953,45.311
0250BB,7.532051937324558,7.647714285714287
0250BR,47.600716859681384,23.512999999999998
0250KO,24.568104044953007,43.701818181818176
0251BB,16.620232243622013,17.734857142857145
0251BR,31.046436188393667,70.45
0251KO,9.234424906909176,9.202857142857143
0252BB,10.692857099072095,10.937999999999999
0252BR,24.298823283055835,25.296
0252KO,9.840309040716491,10.556571428571429
0253BB,21.266520826576848,21.18914285714286
0253BR,26.07286089262263,27.526857142857143
0253KO,17.12754110693499,17.856571428571428
0254BB,30.805049624257077,23.83
0254BR,23.895715919486758,26.55029411764706
0254KO,26.16789212144743,26.360416666666666
0255BB,6.029602701629336,6.039714285714285
0255BR,17.694459584853107,64.91000000000001
0255KO,114.33862290097234,35.70885714285714
0256BB,3.0476302269140163,74.695
0256BR,14.038428212113585,50.66
0256KO,20.50609609298635,20.152285714285714
0257BB,8.068088373338504,101.795
0257KO,24.038433166304934,42.91090909090909
0258BB,23.535103236861907,23.83742857142857
0258BR,24.5826871578182,26.007428571428573
0258KO,12.890211366600248,13.332571428571429
0259BB,22.98636223371362,25.325714285714284
0259BR,14.523033853140507,15.437058823529412
0260BB,7.050214668892739,7.587826086956523
0260BR,14.133581803684772,14.129583333333334
0260KO,14.783993291633314,15.248
0261BB,0.0,1.77
0261BR,23.013792587135608,23.610857142857142
0261KO,20.096844260821083,21.16485714285714
0262BB,11.581361681848861,12.255833333333333
0262BR,1.123847557871317,39.24666666666667
0262KO,21.725115052252622,22.652285714285714
0263BB,4.712781957773201,4.815428571428571
0263BR,8.789290832219253,108.52666666666666
0263KO,16.744112483411676,18.121714285714287
0264BB,22.776274224794218,23.501714285714286
0264BR,0.30405591591021647,26.545
0264KO,18.378065235986675,30.86727272727273
0265BB,14.183402727877978,14.714
0265KO,20.68673304399739,21.486285714285714
0266BB,17.0200602231602,46.69499999999999
0266BR,21.536372836621844,22.245428571428572
0266KO,13.752713272403419,14.498
0267BB,21.33763155798229,22.371714285714287
0267BR,0.21213203435596223,54.75
0267KO,9.213630676997035,9.577428571428571
0268BB,53.812336060320845,57.77628571428571
0268BR,50.00667722081389,74.995
0268KO,8.65061034423185,9.132285714285715
0269BB,15.360083579298166,15.821714285714286
0269BR,30.123308251252883,62.56
0269KO,17.96993907669606,19.63114285714286
0270BB,30.937310313143975,30.701999999999998
0270BR,13.087472982804213,12.987428571428572
0270KO,9.313674729922123,9.285714285714286
0271BB,15.516017243237291,15.620285714285716
0271BR,1.3293607486307062,71.36
0271KO,15.219904222360112,16.700857142857142
0272BB,31.481903517348346,30.702571428571428
0272BR,46.4365161627499,51.97666666666667
0272KO,11.372368858130576,11.889714285714286
0273BB,4.42094698779657,4.444285714285715
0273BR,20.3471139447921,21.618
0273KO,19.807446087373346,16.268285714285714
0274BB,6.674167030140801,7.263428571428571
0274BR,22.152405438748392,22.422571428571427
0274KO,18.474662649152762,19.074
0275BB,23.68838537512999,24.275714285714287
0275BR,23.407385130668956,24.705142857142857
0275KO,28.299725351281822,29.135428571428573
0276BB,32.108802575884745,28.771428571428572
0276BR,45.462918222803665,74.76666666666667
0276KO,17.497665548977256,17.20057142857143
0277BB,1.2727922061357848,26.880000000000003
0277BR,13.780163937749814,14.803714285714285
0277KO,16.614742071956666,14.674000000000001
0278BB,25.5982964473889,24.42685714285714
0278BR,20.979778359172432,56.64
0278KO,30.53374562979252,31.696857142857144
0279BB,16.652910175429525,17.40342857142857
0279BR,9.0892482270721,82.81333333333333
0279KO,38.80540298082474,40.836285714285715
0280BB,15.598016292750419,12.642285714285714
0280BR,24.447477638700004,24.0045
0280KO,25.971827406317203,27.074
0281BB,35.270703632928914,30.95952380952381
0281BR,13.157740457600609,13.731142857142856
0281KO,5.543113950561324,5.313714285714285
0282BB,15.672868530393998,14.329166666666666
0282BR,0.46669047558311894,62.9
0282KO,16.31453367498618,17.119032258064518
0283BB,11.014813226749151,11.211142857142857
0283BR,0.9187672900867366,66.21333333333332
0283KO,19.384366090731362,20.004285714285714
0284BB,15.76978644020736,16.399428571428572
0284BR,12.785187772831287,14.020285714285714
0284KO,13.717408598400146,15.068857142857143
0285BB,14.628583663499347,15.256
0285BR,66.35242597926117,105.38333333333333
0285KO,19.31989503164066,19.779714285714284
0286BB,0.08485281374238389,29.23
0286BR,102.14329542363511,97.99
0286KO,16.709326133388288,14.972857142857142
0287BB,11.905618488622869,12.741142857142856
0287BR,17.073148508696335,66.03
0287KO,42.54122930076384,48.90085714285714
0288BB,3.047630226914021,77.035
0288BR,17.948518741110643,30.86333333333333
0288KO,25.179362240873832,25.942285714285713
0289BB,43.28294623500817,44.16
0289BR,22.445646943732523,23.97457142857143
0289KO,5.9128864682618945,5.910285714285714
0290BB,17.756080544492946,18.465142857142855
0290BR,21.695678119746116,23.835428571428572
0290KO,36.26653030148729,36.621249999999996
0291BB,12.563062518030101,12.481142857142856
0291KO,74.57409143898155,78.40514285714285
0292BB,0.6717514421272209,29.415
0292BR,4.923436299983988,63.182500000000005
0292KO,22.33107022690564,23.062857142857144
0293BB,19.919198026025043,41.775
0293BR,945.1472754505864,523.4825
0293KO,19.1954273616567,20.460857142857144
0294BB,10.725715059118983,11.272
0294BR,19.853822682950764,21.091142857142856
0294KO,11.203605377081885,10.789714285714286
0295BB,42.36894641125738,-19.991999999999997
0295BR,33.51952539725381,34.327714285714286
0295KO,26.70218633292006,28.07742857142857
0296BB,18.099415671367055,18.980416666666667
0296BR,63.824229202813974,128.74333333333334
0296KO,18.594165878196375,19.342000000000002
0297BB,63.79000277565166,69.106
0297BR,5.757189707950686,87.10333333333334
0297KO,19.000103790074768,21.399714285714285
0298BB,15.584387769984493,13.19037037037037
0298BR,66.52633430727741,56.97818181818182
0298KO,13.788969071951206,14.162857142857142
0299BB,3.1466251762801374,31.674999999999997
0299BR,16.42287703942585,17.06742857142857
0299KO,24.470742132273017,26.491714285714288
0300BB,8.550043471313145,8.335142857142857
0300BR,15.41360897650749,16.086285714285715
0300KO,7.384715193383896,7.291428571428571
0301BB,10.462727610313625,9.167619047619048
0301BR,4.557415203087531,79.765
0301KO,21.3226453456839,20.19685714285714
0302BB,9.899494936611665,47.94
0302BR,164.77503279724553,118.07666666666667
0303BB,11.029715043897546,11.390857142857143
0303BR,29.201941155901388,55.305454545454545
0303KO,16.029157675883017,16.914285714285715
0304BB,11.928769684911021,13.58625
0304BR,24.204629698128613,25.708
0304KO,19.065200211728712,18.88655172413793
0305BB,31.11082997636324,56.097272727272724
0305KO,16.85280444457417,14.469999999999999
0306KO,12.02854471243964,12.463428571428572
0307BR,0.4772141378179538,25.513333333333332
0307KO,15.728153300262528,15.150645161290322
0308BB,18.127984726717443,18.771428571428572
0308BR,4.4186008343516825,80.44333333333333
0308KO,8.255576541563492,9.779714285714286
0309BB,25.297312475585127,26.291428571428572
0309BR,18.66833218009993,19.438285714285715
0309KO,10.246193308293785,10.898571428571428
0310BB,12.4701700001216,12.968857142857141
0310BR,8.111864254329719,9.883714285714285
0310KO,11.417126636994148,10.921612903225807
0311BB,11.828633199205415,11.808857142857143
0311BR,0.6765599258996439,35.24666666666666
0311KO,18.6430960479235,17.658571428571427
0312BB,5.28158530150763,5.3429166666666665
0312BR,0.37220066272554453,62.88666666666666
0312KO,15.143583282098353,15.838285714285716
0313BB,25.027522540951093,25.829142857142855
0313BR,7.544620047866339,32.6075
0313KO,11.322670669609577,10.703714285714286
0314BB,14.461516099605868,15.231428571428571
0314BR,6.293250352560277,73.19
0314KO,17.610430264977825,17.824
0315BB,12.982480502585007,75.46000000000001
0315BR,6.617915079539779,45.0
0315KO,9.066073779840565,8.980571428571428
0316BB,40.7432163376461,41.44083333333334
0316BR,5.54416980471643,6.184
0316KO,11.941860580229829,12.132
0317BB,18.373532219796065,18.545833333333334
0317BR,4.857972828248426,53.18
0317KO,19.604631355581144,18.61
0318BB,17.743042641691247,15.577142857142858
0318BR,35.247936021581644,34.26057142857143
0318KO,8.969444930035593,9.856
0319BB,7.691995107869985,8.096285714285715
0319BR,15.903568215857565,16.802941176470586
0319KO,13.686014992924514,14.476285714285714
0320BB,0.4101219330881964,26.68
0320BR,23.71623312091063,24.085714285714285
0320KO,21.833153565663594,23.292285714285715
0321BB,11.227889931720943,11.625833333333333
0321BR,0.9132907532653544,37.88
0321KO,15.284296505363455,16.015428571428572
0322BB,4.35577777210913,36.92
0322BR,33.631057570842664,44.55333333333334
0322KO,10.738270219724775,10.168387096774193
0323BB,7.372339006552548,7.577916666666667
0323BR,47.240918538590556,57.11257142857143
0323KO,19.484637309748337,20.060285714285715
0324BB,8.608236304197716,9.109714285714286
0324BR,4.323933394491644,58.660000000000004
0324KO,30.855338149300724,30.206666666666667
0325BB,20.718207139258393,21.03875
0325BR,9.780334009293002,84.96666666666665
0325KO,7.657376023353249,8.025714285714285
0326BB,0.1767766952966369,19.735
0326BR,25.492857862876157,26.504571428571428
0326KO,6.6598920171930915,6.989714285714286
0327BB,0.18384776310850473,27.46
0327BR,0.33234018715767655,31.195
0327KO,17.22442294773189,17.157999999999998
0328BB,16.70095668270674,17.426
0328BR,46.360244103470095,47.50666666666666
0328KO,8.995327003459055,9.355428571428572
0329BB,29.61363199609261,34.7
0329BR,21.177142136644175,21.795428571428573
0329KO,11.575581027942132,12.183428571428571
0330BB,15.112770436028628,13.548571428571428
0330BR,16.698378164759998,61.173333333333325
0330KO,12.65482966228754,12.697428571428572
0331BB,16.449381552063837,17.103714285714286
0331BR,17.854446224960324,92.875
0331KO,16.437104505898088,17.283142857142856
0332BB,22.533009321679806,44.74909090909091
0332BR,17.45139535968399,46.92
0332KO,22.05170971096052,21.456
0333BB,24.067082055277538,22.057142857142857
0333BR,20.68977061011455,22.487428571428573
0333KO,18.514724337967454,16.426571428571428
0334BR,3.0252327734132054,36.46333333333333
0334KO,18.261202087504326,19.324285714285715
0335BB,17.520233225300043,18.024285714285714
0335BR,20.329375876534225,22.15
0335KO,9.934081671471308,10.424857142857142
0336BB,12.968338366961284,62.83
0336BR,25.493531283659475,25.905428571428573
0336KO,18.43647289405187,18.597142857142856
0337BB,20.78556161773614,21.165999999999997
0337BR,0.5232590180780465,78.47999999999999
0337KO,10.188817630416315,10.682
0338BB,16.612382300991204,17.596857142857143
0338BR,22.27226108372279,23.02457142857143
0338KO,0.09899494936611203,71.22
0339BB,12.973765121527805,12.112857142857143
0339BR,12.133952365161154,34.6
0339KO,10.734787399115161,11.225714285714284
0340BB,16.444089853901566,17.010416666666668
0340KO,14.041951263770919,14.696
0341BB,15.237937210619506,15.245
0341BR,8.154777740686749,41.51
0341KO,11.355532972560518,25.270909090909093
0342BB,12.910247522508502,12.479714285714286
0342BR,0.6058327602014725,54.57333333333333
0342KO,9.227278093154197,9.740857142857143
0343BB,20.609477893620184,18.400952380952383
0343BR,21.948142866632647,24.497999999999998
0343KO,22.74253104100906,23.32371428571429
0344BB,14.945405898770083,15.718857142857141
0344BR,20.050276944377064,22.47342857142857
0344KO,25.25144419532435,26.038857142857143
0345BB,11.118715617138069,11.345714285714287
0345BR,20.503119488007084,21.861714285714285
0345KO,22.85763025793364,24.12514285714286
0346BB,8.877462901247473,9.793714285714286
0346BR,0.3818376618407376,63.3
0346KO,19.33927236992952,20.471714285714285
0347BB,13.273347541520307,13.782571428571428
0347BR,14.19056875818134,15.077714285714286
0347KO,19.009613017071747,19.558
0348BB,0.14142135623730775,31.29
0348BR,24.65020466957833,24.93257142857143
0348KO,18.173822146939024,18.880571428571425
0349BB,15.28888650033638,15.232857142857142
0349BR,2.4789581144773964,33.56333333333333
0349KO,21.66143813362369,23.292571428571428
0350BB,14.10952521102933,14.355714285714285
0350BR,21.785789659602354,23.984285714285715
0350KO,8.608119266769272,9.083428571428572
0351BB,13.005364038792324,13.48942857142857
0351BR,24.221973953104524,24.493142857142857
0351KO,10.29766894565395,10.707142857142857
0352BB,14.385892354092235,14.908
0352BR,19.490168161357232,20.69542857142857
0352KO,8.528769158638575,8.927142857142856
0353BB,20.05255054084834,18.90142857142857
0353BR,19.27913500971164,20.53342857142857
0353KO,11.566212492798645,12.108571428571429
0354BR,93.83299179820695,87.5204347826087
0354KO,13.769577524749408,13.377714285714285
0355BB,12.461307497121444,12.979142857142856
0355BR,5.8271805646756265,83.57666666666667
0355KO,9.796188874791474,9.658000000000001
0356BB,12.643069247615466,55.16
0356BR,19.349062505246415,19.89085714285714
0356KO,11.713069264571034,11.372857142857143
0357BB,16.59579615444827,110.845
0357BR,37.03117357938669,59.51166666666666
0357KO,7.9168160351528805,8.269428571428572
0358BB,0.1979898987322341,70.34
0358BR,19.758996027977062,20.443714285714286
0358KO,20.768064251949653,21.791142857142855
0359BB,10.929061092501788,19.33818181818182
0359BR,1.2044915939930847,66.64999999999999
0359KO,21.018291161779647,22.24685714285714
0360BB,10.436741988443199,11.159999999999998
0360BR,17.99455485800677,18.716857142857144
0360KO,85.20495433478783,91.56742857142858
0361BB,14.087050779487717,15.26057142857143
0361BR,1.4354267658086848,64.395
0361KO,19.804855049442086,20.926
0362BB,6.158900064134834,59.765
0362BR,1.4424978336205587,35.72
0362KO,0.6293250352560277,38.415
0363BB,12.290305382152006,11.403714285714285
0363BR,0.4813522618623499,56.800000000000004
0363KO,19.41109099925897,21.03857142857143
0364BB,13.736848763438429,14.234857142857143
0364BR,20.202270499459544,42.27333333333333
0364KO,9.338125747339147,9.23483870967742
0365BB,10.170714285419203,10.303428571428572
0365BR,15.492709575797255,45.485
0365KO,22.315737307932235,22.864857142857144
0366BB,20.18509638794118,19.764761904761905
0366BR,95.06152972329728,41.405
0366KO,16.00545530948325,14.720571428571429
0367BB,0.049497474683056014,45.525000000000006
0367BR,9.567154749453989,100.895
0367KO,15.138854446409734,15.875142857142857
0368BB,26.655922317973708,27.402285714285714
0368BR,0.12020815280171429,56.755
0368KO,15.961641214239243,16.60742857142857
0369BB,18.88875471336977,15.734285714285713
0369BR,11.002697018489249,11.552285714285714
0369KO,8.5356363499835,8.959428571428571
0370BB,10.988103044406381,11.717916666666667
0370BR,22.932098121245346,38.33833333333333
0370KO,7.749644047125187,8.106285714285713
0371BB,7.62035705729543,7.926285714285715
0371BR,8.002529148532307,7.839142857142857
0371KO,8.120370815724733,8.641142857142857
0372BB,8.877043097340849,8.849473684210528
0372BR,10.595867118834583,92.92999999999999
0372KO,11.048422923246063,10.649090909090908
0373BB,8.246220290268157,8.18742857142857
0373BR,4.85558441384762,76.71
0373KO,8.738000223115108,9.221428571428572
0374BB,0.5374011537017748,25.2
0374BR,23.461802999769652,70.7
0374KO,17.31097161199395,16.368285714285715
0375BB,8.626606166365764,8.748857142857142
0375BR,11.261381725173484,11.457058823529412
0375KO,6.724585489084063,56.325
0376BB,7.756405734357016,8.453714285714286
0376BR,97.69413032521453,111.57
0376KO,16.642890793055745,17.380857142857145
0377BB,11.752760519636771,12.292857142857143
0377BR,23.209327866183465,67.44
0377KO,15.639530436330482,16.192285714285713
0378BB,8.444708345918112,8.310952380952381
0378BR,10.656745431569496,10.496571428571428
0378KO,27.25163943260489,26.672
0379BB,20.08428231982714,21.235142857142858
0379BR,351.01350073750723,267.71
0379KO,13.687741433348984,14.371428571428572
0380BB,0.16970562748477783,72.0
0380BR,18.86839702747837,23.203714285714284
0380KO,13.41916313112651,12.75516129032258
0381BB,2.3688077169749353,86.08500000000001
0381BR,15.973606355485288,40.25
0381KO,16.66423443317147,17.502857142857142
0382BB,19.559876969419403,20.922
0382BR,15.885587020944488,29.50333333333333
0382KO,9.237643524285478,8.866896551724137
0383BB,20.841170753332577,22.57375
0383BR,20.011916122419567,21.276857142857143
0383KO,23.769133762759065,26.174857142857142
0384BB,34.81310085335176,36.85923076923076
0384BR,12.770348468229047,58.239999999999995
0384KO,7.764690852417335,8.096285714285715
0385BB,12.042028483606906,89.295
0385BR,64.4587134011635,80.20666666666666
0385KO,13.822868763043948,14.241428571428571
0386BB,21.22147585138518,22.617428571428572
0386BR,20.39412006764041,67.11333333333333
0386KO,6.806574923180817,7.847142857142856
0387KO,20.805054120929125,21.386285714285712
0388BB,3.026417023478419,86.32
0388BR,10.6350191976006,36.06333333333333
0388KO,6.464480325776616,6.65
0389BB,19.397518272347376,19.92285714285714
0389BR,2.6870057685088784,49.57
0389KO,8.677522378066723,8.956285714285713
0390BB,11.199905589337977,11.690285714285713
0390BR,19.320901462750985,56.17666666666667
0390KO,13.548806360027168,14.168571428571427
0391BB,6.165272341181343,5.990526315789474
0391BR,12.733508288501378,46.04666666666666
0391KO,9.070713636883974,9.348
0392BB,11.563908378000491,12.302285714285714
0392BR,15.356172483185171,95.50333333333333
0392KO,8.87200506929408,9.292857142857143
0393BB,7.076085812097538,7.370857142857143
0393BR,7.181346206202104,69.67666666666666
0393KO,10.726984923370521,11.19057142857143
0394BB,22.093309976422404,21.013142857142856
0394BR,18.025024957150055,18.864
0394KO,19.645009835288235,18.13057142857143
0395BB,12.951530768356978,13.610857142857142
0395BR,16.348260865710856,73.13333333333333
0395KO,22.829838675504917,22.903142857142857
0396BR,21.28462117716597,22.393142857142855
0396KO,6.9288973742962465,7.346
0397BB,9.755236533879266,10.066857142857142
0397BR,1.788980156401966,57.055
0397KO,6.659666342775848,8.015833333333333
0398BB,17.70505756447419,18.208857142857145
0398KO,16.044448315200196,15.674999999999999
0399BB,7.431692270270618,62.645
0399BR,1.124299782086613,81.715
0399KO,19.33671627506907,21.765142857142855
0400BB,14.427754339955946,15.164
0400BR,22.443972607062115,23.497714285714284
0400KO,8.437201565217038,9.750571428571428
0401BB,10.229666340862646,10.470285714285714
0401BR,29.680126347439963,86.94
0401KO,19.788869620075225,21.53742857142857
0402BB,15.157688611183877,16.167714285714286
0402BR,2.6860193595728243,32.03
0402KO,21.364795546400533,22.17628571428571
0403BB,43.75576761982356,74.65
0403BR,20.412275397190694,16.22885714285714
0403KO,21.894410425931994,22.635428571428573
0404BB,62.649660813128115,83.07000000000001
0404KO,13.272672829299056,13.798285714285715
0405BB,9.051404487331085,8.640571428571429
0405BR,563.1661888229204,354.53666666666663
0405KO,19.56654277405777,17.97193548387097
0406BB,42.525401820558976,52.52
0406BR,404.13060920944855,249.42999999999998
0406KO,7.610240579684209,8.308285714285715
0407BB,5.818286833825939,6.321714285714285
0407BR,9.330816327274556,91.38333333333333
0407KO,5.712377979867399,6.527142857142857
0408BB,20.28278264760101,18.619473684210526
0408BR,1.6525838354931737,69.93666666666667
0408KO,8.238676211278468,8.722857142857142
0409BB,9.818772578992913,10.248571428571429
0409BR,10.271997040170781,9.273428571428571
0409KO,23.24454867914414,23.967916666666667
0410BB,3.12541197284454,27.990000000000002
0410BR,10.387137879769064,57.24333333333334
0410KO,27.50464617316702,48.378888888888895
0411BB,23.105722715052085,22.806857142857144
0411BR,13.937074657186848,41.835
0411KO,23.54949082210262,22.565862068965515
0412BB,0.26162950903902576,73.955
0412BR,6.613241136790141,28.6975
0412KO,18.857881841899033,18.365714285714283
0413BB,7.651950517527481,8.050571428571429
0413BR,0.7141778489984091,39.205
0413KO,17.784877572030144,19.373428571428573
0414BB,7.256506712869012,7.72125
0414BR,6.660728188419041,25.849999999999998
0414KO,15.364977736408736,16.276571428571426
0415BB,9.403816916818512,9.615428571428572
0415BR,15.679447731870871,17.318
0416BB,26.26929219111589,34.632999999999996
0416BR,19.510453018184634,21.107714285714284
0416KO,11.663004189431174,10.45742857142857
0417BB,7.649528276772553,8.056285714285716
0417BR,22.95060864794057,24.02457142857143
0417KO,22.364688986108842,23.034285714285716
0418BB,8.521377783418073,9.248285714285714
0418BR,118.42680656823262,124.29485714285714
0418KO,13.673324345434882,14.103142857142858
0419BB,18.094862530563745,49.105000000000004
0419BR,20.843182066456702,21.512857142857143
0419KO,22.413921506753884,22.431428571428572
0420BR,14.829273976384236,39.855000000000004
0420KO,19.003636383553523,20.725714285714286
0421BB,5.837403114917662,6.246857142857143
0421KO,21.039801369800813,20.207714285714285
0422BB,12.825073099206879,30.540000000000003
0422BR,20.46788103633708,22.124000000000002
0422KO,15.324222875000514,15.341428571428573
0423BB,48.79527398486021,26.215151515151515
0423BR,22.428824390266463,23.311999999999998
0423KO,9.434452614458019,9.532571428571428
0424BB,7.66374815598212,7.836285714285713
0424KO,16.87315427814603,16.65
0425BB,18.5627316973345,19.450857142857142
0425BR,11.82582436104062,21.172727272727272
0425KO,20.685062027763827,21.370285714285714
0426BB,17.914064766841395,16.398
0426BR,19.989908218604587,21.165999999999997
0426KO,13.060988240321395,13.240270270270269
0427BB,12.126944421757829,12.011142857142858
0427BR,20.89561002908015,21.83142857142857
0427KO,10.943287193592665,11.549583333333333
0428BB,6.822098650708593,20.706
0428BR,21.326950330981877,22.436857142857143
0428KO,8.890911543099893,9.320857142857143
0429BB,22.58407045134381,22.639714285714284
0429BR,1.5202795795510813,66.175
0429KO,10.280717554985069,11.092285714285715
0430BB,18.61587310411659,20.15542857142857
0430KO,31.99728072402222,33.982083333333335
0431BB,18.39492488923704,19.820285714285717
0431BR,13.954244276682754,53.25333333333333
0431KO,11.516903419311454,10.886571428571429
0432BB,19.432719397790862,20.18857142857143
0432BR,14.360503449661191,14.837714285714288
0432KO,22.58629405917959,21.460285714285714
0433BB,21.526397798630263,22.814857142857143
0433BR,16.49708442791782,17.123714285714286
0433KO,6.074375051715819,6.088285714285714
0434BB,20.439619164667395,21.955142857142857
0434BR,17.998670321257997,38.223333333333336
0434KO,14.008336335580905,14.373142857142858
0435BB,3756.2575144645757,3994.2981818181815
0435BR,7.629682169002842,61.345
0435KO,0.33234018715767655,75.565
0436BB,26.528304883652105,48.48
0436BR,14.793057070091752,14.679142857142857
0436KO,18.999327630739153,20.587142857142858
0437BB,23.566326610568023,24.540285714285712
0437BR,14.377890578210407,15.284857142857144
0437KO,17.57170401574095,19.13057142857143
0438BB,2.545584412271582,83.15
0438BR,0.4535783651513098,27.406666666666666
0438KO,19.033274900693733,20.316285714285716
0439BB,16.980534184072965,17.6
0439BR,7.2404143527839615,62.60999999999999
0439KO,19.352567449585504,20.449142857142856
0440BB,17.84749534954697,18.91542857142857
0440BR,22.440616586295246,22.515142857142855
0440KO,19.884623733136202,21.134857142857143
0441BB,14.735811321203785,14.57
0441BR,7.337676263039714,7.9719999999999995
0441KO,20.335745975246347,21.169428571428572
0442BB,50.02584931476791,53.360571428571426
0442BR,14.930171066241229,15.830857142857145
0442KO,21.52786624842518,21.265714285714285
0443BB,23.625771831240744,22.477714285714285
0443BR,4.1754400965646745,46.54
0443KO,18.92003332027552,19.76257142857143
0444BB,0.38890872965260664,59.325
0444BR,18.36169129080498,15.796000000000001
0444KO,10.150115146095219,10.760857142857143
0445BB,18.96472663400454,19.67285714285714
0445BR,74.83001804089052,68.91000000000001
0445KO,16.061471609167725,16.190571428571428
0446BB,23.396374703011094,22.674857142857142
0446BR,3.9404864335933634,63.02333333333333
0446KO,23.084634628123933,22.186774193548384
0447BB,9.297470994348748,9.974857142857143
0447BR,0.09899494936611705,22.5
0447KO,28.508497627458205,30.505714285714287
0448BB,10.581653641161791,11.19057142857143
0448BR,45.2837984272521,78.74
0448KO,21.378058098602573,22.137142857142855
0449BB,18.663988950098844,19.226
0449BR,29.597240786682697,30.882857142857144
0449KO,19.28166402474188,20.659714285714287
0450BB,5.853863580877967,6.444
0450BR,13.631194667644758,14.767142857142858
0450KO,21.18239550494068,22.551714285714283
0451BB,15.984418395067475,16.644571428571428
0451KO,20.571702163796907,19.683714285714284
0452BB,12.757904848934006,12.648571428571428
0452KO,12.927498688955307,13.822
0453BB,26.313928199927208,27.696571428571428
0453BR,861.4012953767057,316.201
0453KO,8.1294692522071,8.953548387096774
0454BB,8.947471986990694,9.414571428571428
0454BR,22.659830901191388,23.634
0454KO,26.27737509753984,27.81142857142857
0455BB,25.529616292988557,26.479142857142858
0455KO,16.85459868922396,17.471714285714285
0456BB,12.600779707767986,12.714857142857142
0456BR,15.906751576430864,16.546857142857142
0456KO,26.698317801790026,24.130285714285716
0457BB,7.408727104633047,7.944571428571429
0457BR,58.76197438253188,65.93666666666667
0457KO,17.949268424501035,18.194285714285712
0458BB,8.927973082471997,8.947142857142856
0458BR,0.06363961030679169,72.105
0458KO,9.243397520435748,9.40148148148148
0459BB,17.747141632794108,18.42142857142857
0459BR,3.7717679320622777,29.71666666666667
0459KO,34.05770632323909,44.0
0460BB,19.997572466122357,20.92685714285714
0460BR,40.21625169008171,39.84
0460KO,18.49565149892665,19.25857142857143
0461BB,13.769129745542374,13.876857142857142
0461BR,17.855853509082536,18.833142857142857
0461KO,20.564758600638154,20.46485714285714
0462BB,0.9758073580374323,92.67
0462BR,17.99228613890413,19.815714285714286
0462KO,20.255026880988822,21.064857142857143
0463BB,6.912504173566901,7.249142857142857
0463BR,168.6991559947273,140.42333333333335
0463KO,23.012091717401184,23.917714285714286
0464BB,18.15716746224754,18.83142857142857
0464BR,18.26317515293183,43.144999999999996
0464KO,27.244378672373816,27.461142857142857
0465BB,12.396088601048397,13.021428571428572
0465BR,13.112670003544233,13.931714285714285
0465KO,17.382328039340035,18.103142857142856
0466BB,17.55002352460776,17.574857142857145
0466BR,13.698402299035404,13.525428571428572
0466KO,2.5950818869546306,15.175
0467BB,21.70600580252294,22.59942857142857
0467BR,7.3791974581285205,7.835142857142857
0467KO,18.942908883663826,19.960285714285714
0468BR,13.224948335906458,12.72342857142857
0468KO,12.213954612357428,21.944545454545455
0469BB,10.597709376729174,11.200285714285714
0469BR,10.206929537732456,10.182
0470BB,10.231524279188818,10.11142857142857
0470BR,2.8676878026265893,75.08666666666666
0471BB,7.127636354360403,65.22999999999999
0471BR,10.263345783255415,27.560000000000002
0472BR,40.845901059143415,40.135000000000005
0473BB,7.067679245407676,7.265714285714286
0473BR,14.175063785864719,73.55333333333333
0473KO,7.939502344542233,8.527142857142858
0474BB,21.188895391198653,21.946571428571428
0474BR,30.440182325340956,35.089999999999996
0474KO,8.729977687266336,10.101142857142857
0475BB,20.820055202987866,22.096857142857143
0475BR,12.601844422827272,12.517714285714286
0475KO,6.667484085741297,8.179714285714287
0476BB,16.99699453413095,17.800571428571427
0476BR,1.3364318164425752,29.785
0476KO,15.91773416163042,15.94457142857143
0477BB,20.72923732316266,59.476
0477BR,14.824958684596728,16.3
0477KO,10.643818239837106,11.247428571428571
0478BB,23.770534570798205,24.89542857142857
0478BR,0.17785762095938765,22.52333333333333
0478KO,30.58238467819411,31.11342857142857
0479BB,17.783364391352674,18.52257142857143
0479BR,1.016021653312567,47.5
0479KO,9.820220367549137,10.303142857142857
0480BB,21.19490609882042,22.142857142857142
0480BR,19.24028178570359,16.63457142857143
0480KO,6.87729903499962,7.888571428571429
0481BR,21.31093694170515,73.73333333333333
0481KO,15.012294048713605,14.904571428571428
0482BB,21.67205225804954,22.372571428571426
0482BR,5.879566310536857,68.75
0482KO,9.981862711602346,11.32857142857143
0483BB,15.445729659225632,16.12
0483BR,0.658508415537218,43.166666666666664
0483KO,5.873105773657704,6.291428571428571
0484BB,18.813867373462013,19.58057142857143
0484BR,11.547393645321007,30.569999999999997
0484KO,22.316778302020044,23.600571428571428
0485BB,144.53996797896883,123.26485714285715
0485BR,18.39591349548408,55.416666666666664
0485KO,18.89410850329948,19.568571428571428
0486BB,21.058444829936093,22.101142857142857
0486BR,1.555677772976567,64.57666666666667
0486KO,7.106469617198688,7.931142857142857
0487BB,18.68117044180129,19.440571428571428
0487BR,15.836877440291806,16.538
0487KO,15.874710070799175,15.74485714285714
0488BB,27.21638045754953,26.206285714285716
0488BR,24.065542743994474,24.722285714285714
0488KO,8.029969525984225,8.518
0489BB,17.724709202199083,19.111142857142855
0489KO,17.7271777626494,20.135428571428573
0490BB,19.518671595176144,20.286571428571428
0490BR,1.1636723479284594,18.376666666666665
0491BB,19.584300344919143,59.452
0491BR,0.6625959050079742,16.873333333333335
0492BB,0.11313708498984645,25.17
0492BR,27.50400152705057,56.49
0492KO,20.351388728742954,20.203333333333333
0493BB,0.8555992052357231,71.64500000000001
0493BR,15.510310549222842,25.366666666666664
0493KO,8.47350366657526,8.654814814814815
0494BB,20.558565975232398,21.63057142857143
0494BR,22.60591294329871,38.89
0494KO,5.7064068666483205,6.379714285714286
0495BB,17.31149915105976,18.138285714285715
0495BR,5.812455938208345,6.029714285714285
0495KO,8.251221116656998,8.098285714285714
0496BB,9.842759826817037,10.502857142857144
0496BR,2.1342914515126603,82.19
0497BB,20.29396462005392,65.28999999999999
0497BR,1.3293607486307086,15.6
0497KO,0.11313708498984519,34.71
0498BB,18.113195653269425,19.829117647058823
0498BR,25.419659124386385,50.198
0499BB,19.33092728820185,20.65323529411765
0499BR,21.60144221764725,22.57
0500KO,0.4737615433949868,5.925
0509KO,0.0,2.23
0510BB,1.4637110370561537,8.265
0519BB,0.15556349186103996,7.470000000000001
0524BR,0.4786743056704536,0.879090909090909
0524KO,0.5374011537017765,10.030000000000001
0529KO,2.404163056034261,6.83
0530KO,0.2616295090390223,5.945
0531BB,1.866761902332486,11.98
0531KO,1.6404877323527904,5.92
0539BB,0.0,7.22
0546BR,3.4365389565666207,4.19
0547BB,0.0,1.8
0558BB,1.2445079348883235,7.36
0561BB,1.0889444430272828,6.57
0561BR,21.491130534866397,26.4175
0563BB,0.0,6.55
0564BR,2.526627288411462,4.7263636363636365
0567BR,0.7353910524340092,7.880000000000001
0573BB,4.36743012335091,4.568
0576BB,0.38183766184073537,7.42
0576BR,0.028284271247461613,6.4399999999999995
0579BB,0.4808326112068521,5.13
0579BR,1.7748380207782342,4.665
0580BB,0.8414570696119918,8.684999999999999
0585BR,0.1838477631085022,7.45
0589BB,0.4242640687119289,11.100000000000001
0590BB,5.508361825443204,12.344999999999999
0592BB,1.322289680818844,8.915
0593BB,6.0599051147687115,5.085
0596BB,0.1131370849898477,6.16
0598BB,0.1767766952966369,8.445
0600BR,8.076614368896509,8.653428571428572
0600KO,4.870814007012492,9.899090909090908
0601BR,14.334435983253169,13.314571428571428
0602BR,0.46317743180484666,8.186666666666666
0602KO,15.428541854087038,16.745882352941177
0603KO,21.65870662355077,21.97457142857143
0605BB,11.650056394407276,11.502647058823529
0605KO,3.853950162474692,4.161875
0606BB,6.9714520147009065,7.112571428571428
0606KO,43.104964515498125,38.344
0608KO,26.698111044291753,42.8
0609BR,22.245579336128785,48.69
0610BR,0.12020815280171303,26.865000000000002
0611BR,12.711381025011608,13.284285714285714
0611KO,3.2427149119217993,5.16
0612BB,7.605818586032432,14.92181818181818
0613BB,8.598090245689207,8.85388888888889
0613BR,28.86219210893957,33.27666666666667
0614BR,9.89885128015704,19.711666666666666
0614KO,6.1516684216355415,6.768571428571429
0615BB,7.414053858844618,7.516285714285714
0615BR,4.35577777210913,60.89
0615KO,4.859444641948707,4.980882352941176
0616BB,9.788349715427783,8.735833333333334
0616BR,6.3055768966843955,7.640000000000001
0617BR,6.404536803443842,8.9375
0618BR,1.6192745289171933,26.345
0619KO,9.901121768209274,10.977714285714285
0620BR,6.048323734721877,7.348000000000001
0620KO,6.28176992043909,7.3066666666666675
0621BB,19.664639584797886,13.905
0621BR,1.9586857838867366,8.825000000000001
0623BR,11.86371509259723,15.986285714285714
0624BR,9.394565316127808,10.048857142857145
0625BR,9.768677587994283,16.727272727272727
0625KO,1.0323759005323563,27.17
0626KO,206.586086003516,54.958571428571425
0627BR,1.1101576464628797,25.965
0627KO,7.010010115412232,13.537272727272727
0628BR,6.706494193671378,6.669428571428572
0631BR,10.292643597357396,12.317
0632BR,3.333589611360357,3.715
0632KO,8.280609377737045,17.2825
0633BR,13.628704185570166,23.669999999999998
0635BR,3.918395892916688,6.395714285714285
0636BR,2.071822868876584,13.225
0638BR,1.7606958851545047,29.355
0639BR,1.0040916292848987,20.39
0641BR,0.919238815542512,8.02
0643BR,2.80769420035179,2.869428571428571
0644BR,3.7472108819679995,4.045
0645BR,10.879103823385453,26.900000000000002
0647BR,15.397260204925479,27.312727272727273
0648BR,6.313570233307703,10.73090909090909
0649BR,29.55185614844154,56.88272727272727
0650BR,301.2572973943259,185.32666666666668
0652BR,13.218674242884413,15.674285714285714
0654BR,6.365429112766972,7.980294117647058
0660BR,2.7587259905451087,5.399090909090909
0662BR,4.779352703966047,6.146285714285715
0663BR,24.413564086969593,26.83657142857143
0664BR,2.460731598529188,33.9
0665BR,0.14142135623731653,90.88
0666BR,22.11787035613757,38.99909090909091
0667BR,31.13123161421953,55.377272727272725
0668BR,12.15537808394442,19.448181818181816
0671BR,16.305691700083802,25.127272727272725
0672BR,21.289838734319552,27.823333333333334
0675BR,2.1920310216783085,103.96000000000001
0679BR,2.0115251261998535,30.866666666666664
0682BR,8.63521258358104,12.758181818181818
0684BR,13.7605591114178,15.478
0688BR,12.428420729046062,25.957272727272724
0690BR,6.259114805726166,6.516285714285714
0693BR,70.58141301737598,40.022
0694BR,7.812258595934207,7.877428571428571
0697BR,3.6176361987721575,28.112499999999997
0698BR,2713.4092044530294,3190.823142857143
0699BR,7.882393883417229,12.413333333333334
0701KO,1.1172287142747446,10.8
0703BR,9.919154869913733,8.496666666666666
0705BR,8.557135459528922,11.435454545454546
0710BR,0.7141778489984091,62.545
0711BR,7.4300173844570025,35.3225
0712BR,1.8075176347687456,3.322
0714BR,8.334944510913076,15.49
0715BR,55.61854426957494,63.00000000000001
0717BR,2.1381612037761166,12.396666666666667
0719BR,15.031632405467784,15.145142857142854
0811BB,6.141164088642833,11.518181818181818
0998BR,3038.1943062792907,3099.0325714285714
0999KO,424.08048102517273,437.6220588235294
1001BB,51.54022675003844,53.45171428571428
1001BR,20.335354083818793,21.609142857142857
1001KO,0.38890872965260287,27.415
1002BB,6.844793641885779,11.29
1002BR,21.202292673714528,22.159714285714287
1002KO,9.948105862746448,10.154444444444445
1003BB,4.355424455190786,4.451142857142857
1003BR,13.719627006959188,14.873714285714287
1004BB,16.699725565097765,16.986857142857144
1004BR,2.0899840509758305,80.83333333333333
1004KO,9.833676793314,10.135833333333332
1005BB,6.572043822130221,6.714
1005BR,3.853731957466681,76.86500000000001
1005KO,11.605967148212088,12.098285714285714
1006BB,19.12587298166869,19.890571428571427
1006BR,25.328870656614278,26.563714285714287
1007BB,0.09192388155425048,51.795
1007BR,20.328986631875964,21.502857142857142
1007KO,6.883962582723424,7.666571428571428
1008BB,12.718781573165032,10.312000000000001
1008BR,14.120612297866778,85.4975
1008KO,10.25049305639293,11.832571428571429
1009BB,14.457730495912454,14.382285714285715
1009BR,1164.7141677825223,736.4066666666666
1009KO,13.15730451820866,13.297142857142857
1010BB,5.133595231414339,43.29
1010BR,2.998132752230963,64.65
1011BB,29.37217921375099,30.87
1011KO,16.055785253605322,15.796428571428573
1012BB,0.5444722215136337,70.33500000000001
1012BR,22.293626439678512,23.40714285714286
1012KO,22.206924792494252,22.748285714285714
1013BR,21.75258842899724,22.947142857142858
1014BB,8.492352442050437,41.705
1014BR,2.149604614807099,78.61
1014KO,19.552208927627074,21.547142857142855
1015BB,11.704602183282763,12.003714285714286
1015BR,20.85121434909566,22.72114285714286
1016BB,11.486571897201525,12.106857142857143
1016BR,20.200334371972552,20.400285714285715
1016KO,21.57222273622986,22.31057142857143
1017BB,13.169536546786407,11.988571428571428
1017BR,21.292811123621476,21.88657142857143
1017KO,20.158489393351097,20.907714285714285
1018BB,10.057265971943337,9.768947368421053
1018BR,0.6576093065034915,63.955
1018KO,26.147631696988253,25.574857142857145
1019BB,21.19328126459501,20.344736842105263
1019BR,20.78494596229353,22.084857142857143
1019KO,19.933509171722868,21.31942857142857
1020BB,11.940012312461791,12.46375
1020BR,3.0629452057347244,39.63333333333333
1020KO,22.458359892824546,23.260571428571428
1021BB,9.140456077840119,9.612571428571428
1021BR,35.13350727344672,73.73666666666666
1021KO,21.857842356305856,21.23483870967742
1022BB,0.33234018715767655,43.115
1022BR,4.555831427961309,54.04
1022KO,23.023764876555465,43.26090909090909
1023BB,10.757738766178724,10.434857142857144
1023BR,16.672290517275574,17.657714285714285
1024BB,18.915323052902167,19.64125
1024BR,19.139937378610803,17.659714285714287
1024KO,21.41296225665758,23.31657142857143
1025BB,0.9192388155425097,56.74
1025BR,0.1778576209593873,17.55333333333333
1025KO,15.6947656073229,17.298529411764704
1026BB,1.2798632739476514,25.865000000000002
1026BR,25.89939614169029,24.760285714285715
1027BR,8.88806690643884,57.76666666666667
1027KO,6.423728295163489,6.811714285714285
1028BB,13.987062673135565,13.809999999999999
1028BR,5.133429652776006,20.73
1028KO,21.667171012014133,21.309428571428572
1029BB,27.258688560105135,28.47457142857143
1029BR,18.960979201214993,19.658285714285714
1029KO,23.99213308565956,61.065
1030BB,0.24748737341529264,31.105
1030BR,5.103244066277843,75.56
1030KO,17.811953884301143,15.314
1031BB,26.051884671315747,16.659166666666668
1031BR,13.669034347751127,24.67
1032BB,15.93489768934046,16.52057142857143
1032BR,6.167200202144679,79.4875
1033BB,21.053252340615856,21.868
1033BR,16.389197907988876,17.069142857142857
1033KO,7.5165487230432,8.078000000000001
1034BB,23.42504930534797,23.539428571428573
1034BR,23.0047212545599,54.04
1036BB,13.205768811999036,12.856285714285715
1036BR,30.772982739192944,78.61
1036KO,8.440798261664455,9.902
1037BB,12.147915234220857,13.192857142857143
1037BR,21.02407966390647,22.00914285714286
1037KO,13.563569936110651,13.01
1038BB,10.641129915678738,11.042000000000002
1038BR,3.70027476457267,38.39333333333334
1038KO,10.337076842466582,10.878
1039BB,0.5091168824543134,37.46
1039KO,17.35240041031788,40.86
1040BB,20.744758366003342,21.696571428571428
1040BR,25.043644569697392,70.85333333333334
1040KO,10.483630028549204,10.307037037037038
1041BB,2.149604614807104,75.12
1041BR,1315.777403603411,833.6833333333334
1042BB,1.583919189857858,77.66
1042BR,17.308437647041185,17.52457142857143
1042KO,7.810699405948485,8.174285714285714
1043BB,23.812116294599612,24.347083333333334
1043BR,25.27784530693517,26.781142857142857
1043KO,39.19811568743297,41.08828571428571
1044BB,20.487052693523946,22.316857142857145
1044BR,0.9616652224137042,61.22
1045BB,9.800712459096141,9.969999999999999
1045BR,3.816298381066833,77.23666666666666
1045KO,30.790605633766244,32.196000000000005
1046BB,23.149848448602796,22.888571428571428
1046BR,1.456639969244282,45.8
1047BB,8.02069673622272,8.549428571428573
1047BR,1.206109447769976,72.93
1047KO,20.149320225412534,21.02942857142857
1048BB,7.945983425922936,8.369428571428571
1048BR,3.943944725779004,64.3
1048KO,19.880351158489983,20.902857142857144
1049BB,0.014142135623735673,35.44
1049BR,1206.0702786736767,772.35
1049KO,24.315314633257078,25.434857142857144
1050BB,0.3959797974644682,33.61
1050BR,14.762893934148696,13.964571428571428
1050KO,21.502864014831513,22.41542857142857
1051BR,18.668541274918436,62.98666666666667
1051KO,19.541116974345197,20.50057142857143
1052BB,6.550542218881163,7.102857142857142
1052BR,6.342042231321512,7.409428571428571
1052KO,0.14142135623731153,46.75
1053BB,15.695525466318912,16.207428571428572
1053BR,18.838269885233824,19.412285714285716
1053KO,18.723331928035535,20.00057142857143
1054BB,8.232691412846693,8.87257142857143
1054BR,1.830446211537869,27.21666666666667
1054KO,20.38594139073677,21.916285714285713
1055BB,17.628172054980627,40.515
1055BR,1.262946290755601,37.64666666666667
1055KO,18.078166403266724,18.902285714285714
1056BR,13.760835321283945,13.956285714285714
1056KO,23.263438052016298,70.89
1057BR,12.89902036538258,12.809714285714286
1057KO,12.553089833572766,11.35657142857143
1058BR,4.681709089638098,50.910000000000004
1058KO,20.01760107018426,20.800571428571427
1059BB,14.431494515454034,14.606857142857143
1059BR,4.8946399254694954,51.77
1059KO,19.440634123558066,20.824857142857145
1060BR,138.581240072385,123.61
1060KO,17.800679842554967,19.118285714285715
1061BB,1.4990663761154839,61.68
1061BR,6.7167422825917855,7.0771428571428565
1062BB,1.8879751057680831,27.645
1062BR,1.1265433857601748,31.39
1063BB,22.224366132693184,41.905
1063BR,30.538221790921536,43.58416666666667
1063KO,20.963878169345474,21.776571428571426
1064BB,30.617723625377515,46.55
1064BR,7.2973419818451655,62.97
1064KO,16.600894478280125,16.422857142857143
1065BB,4.673975823643081,59.535
1065BR,7.7076931265673325,44.35333333333333
1065KO,19.480762542664948,20.61714285714286
1066BB,8.862036130018199,9.327428571428573
1066BR,11.511751966287898,79.05333333333333
1066KO,15.635133816580069,15.538064516129033
1067BB,12.940511841603834,13.769428571428572
1067BR,147.1296819136098,108.36000000000001
1067KO,27.29333771324811,23.386
1068BB,20.12919760702152,21.71485714285714
1068BR,1395.7558953126436,866.82
1068KO,8.353894029406014,15.096363636363636
1069BB,23.315161936698058,24.33057142857143
1069BR,4.647948187420034,5.398000000000001
1069KO,5.698950195723186,72.89333333333333
1070BB,22.566121731480578,67.5
1070BR,0.24748737341529514,37.995000000000005
1070KO,20.853112727364422,21.64114285714286
1071BB,18.094668428744928,17.917428571428573
1071BR,10.194996098799912,17.523636363636363
1071KO,9.266334856925488,9.421714285714286
1072BB,14.901562943237215,15.464285714285714
1072BR,1.6630794729456972,71.95333333333333
1072KO,10.406962544939072,10.952
1073BB,0.08485281374238515,18.6
1073BR,0.3818376618407376,61.55
1073KO,10.921709703940262,10.294285714285715
1074BB,1.1455129855222026,56.92
1074BR,50.027100655544686,78.73
1075BR,14.545186489007284,67.89500000000001
1075KO,19.74539262501423,21.067714285714285
1076BB,10.40670791830777,11.01
1076BR,15.54408033089553,58.78333333333333
1077BB,21.020129921215087,41.355714285714285
1077BR,10.312644342424178,83.63666666666667
1078BB,22.915353031053552,23.103142857142856
1078BR,5.161534736910732,5.710571428571429
1079KO,21.108174118616912,22.581714285714288
1080BB,8.539807261714218,9.065142857142856
1080KO,7.030181966876458,7.273428571428571
1081BB,1.3222896808188438,1.035
1081BR,24.321266967219376,22.832857142857144
1081KO,17.373287773683685,18.301142857142857
1082BB,14.315366968002301,14.644571428571426
1082BR,68.40490406396314,113.47000000000001
1082KO,19.566038369557383,21.211142857142857
1083BB,0.08485281374238766,22.939999999999998
1083BR,20.89442349846804,35.223333333333336
1083KO,15.072349624171984,15.740571428571428
1084BR,14.942849513952773,15.961142857142857
1084KO,22.206100921847145,22.872285714285713
1085BB,9.01011842641211,9.600833333333334
1085BR,11.621239451390485,11.966285714285714
1085KO,20.527360322705444,40.62727272727273
1086BR,21.13504020390492,22.65705882352941
1086KO,8.570134187980958,79.62
1087BB,4.1860721446243625,22.09
1087BR,19.602801176096744,20.805142857142854
1087KO,16.22208978445101,16.611714285714285
1088BR,19.11916469115204,20.29942857142857
1088KO,6.039813467540952,7.796571428571428
1089BB,15.910818569860739,15.627714285714287
1089BR,108.68405019357867,83.20757142857143
1089KO,18.67024983966819,19.38657142857143
1090BB,7.326023250486356,25.368333333333336
1090BR,19.528661947993047,20.74514285714286
1090KO,9.51565938048321,9.938285714285714
1091BB,0.05656854249493265,71.36
1091BR,20.72373181896064,21.544285714285714
1091KO,11.75446182405257,12.345142857142857
1092BB,26.1716837800715,27.493333333333336
1092BR,21.607429861278828,22.254285714285714
1092KO,8.167241272302416,27.526
1093BB,0.4384062043356602,33.55
1093BR,24.52002736169317,49.302727272727275
1093KO,6.344899930341724,7.754857142857143
1094BB,14.792531801603445,16.858333333333334
1094BR,4.256782822743008,75.05000000000001
1094KO,0.6434671708797609,85.695
1095BB,20.767379814741865,17.440571428571428
1095BR,27.91392177884774,30.260571428571424
1096BB,7.97169010895916,8.545428571428571
1096BR,19.19515992040045,19.61342857142857
1096KO,21.916433373794128,20.7758064516129
1097BB,0.24041630560342103,42.769999999999996
1097BR,22.443275997032863,23.394857142857145
1097KO,8.473689413054244,8.916285714285713
1098BB,1.9233304448274084,33.68
1098BR,21.396149472952082,22.436285714285713
1098KO,5.467082671880541,5.851999999999999
1099BB,1.66170093578839,37.035
1099KO,5.506130953737855,6.055416666666667
1100BR,16.75567366595566,55.34
1100KO,6.046941556264122,6.559142857142857
1101BR,6.941012654264986,13.501666666666667
1102BB,0.49497474683057774,36.09
1102BR,17.0617400227832,17.09257142857143
1102KO,9.205305813825547,9.679142857142857
1103BR,21.390760013369785,22.385142857142856
1103KO,17.132858289035543,16.52625
1104BB,1.753624817342638,13.28
1104BR,22.19080811295259,23.36
1104KO,14.161545819577748,54.084
1105BB,11.159706237043226,11.707916666666668
1105BR,328.60761803910344,259.09666666666664
1105KO,18.17864419482115,18.23
1106BB,1.2232947314527276,33.425
1106BR,22.431400961395813,41.36909090909091
1107BB,13.774440097513947,19.740000000000002
1107BR,12.91356618431325,12.102857142857143
1107KO,10.31919625735694,10.442258064516128
1108BB,3.853731957466682,20.505000000000003
1108BR,19.072131399884327,20.28257142857143
1109BB,19.85555841571826,92.47
1109BR,18.69438669177228,20.27342857142857
1109KO,40.17780730701963,41.25
1110BR,19.9633015490799,20.718285714285713
1111BB,8.297933879386282,19.036666666666665
1111BR,14.247153500160756,15.237714285714285
1111KO,17.703155076535523,19.539428571428573
1112KO,19.574305326939655,19.649032258064516
1113BR,19.595460059870582,20.612571428571428
1113KO,14.738968262892264,29.033636363636365
1114BB,5.105351876000103,10.322
1114BR,15.155093754995022,15.505428571428572
1114KO,14.465776081740614,14.654
1115BB,1.8937088829419733,61.21666666666667
1115BR,26.056164489409408,27.187428571428573
1115KO,19.318385991353534,20.69257142857143
1116BR,6.235429496706972,7.023142857142857
1117BR,16.747415092153997,16.423714285714286
1117KO,20.189180931049844,34.956
1118BR,15.044784981050759,16.30914285714286
1118KO,11.995452934026167,12.489714285714285
1119BB,4.242640687119285,19.93
1119BR,16.784927051806147,17.699428571428573
1119KO,17.028554353242804,17.723142857142857
1120BB,1.5556349186104046,2.36
1120KO,9.143682313488371,9.260625
1121BB,8.131727983645296,23.73
1121BR,8.634993881163501,9.384285714285713
1122BR,30.686929407658038,30.636
1123BB,0.0,36.76
1123BR,1.9558203734835498,56.343333333333334
1123KO,24.376576749448205,25.17375
1125BB,12.628927111991736,31.189999999999998
1125BR,0.5232590180780491,44.730000000000004
1125KO,8.654384908892167,8.624285714285715
1126BR,36.10058684082713,32.90657142857143
1127BR,2.842569260369928,65.17
1127KO,13.62666727444401,14.249142857142857
1128BB,0.2545584412271567,36.68
1128BR,6.737639139674267,6.948
1128KO,21.19862752847243,48.89909090909091
1129BB,31.826876221206508,36.945
1129BR,21.63553854738296,22.832
1129KO,38.83111381353875,50.0
1130BR,10.613634761811943,11.045714285714286
1131BB,2.1920310216782983,29.04
1131BR,6.443615979460314,6.506857142857143
1132BR,22.21626690346626,23.207142857142856
1133BR,19.134514870456766,20.912285714285712
1134BB,0.7707463914933317,36.685
1134BR,13.596657677532372,63.410000000000004
1135BR,19.962506738736938,20.668
1136BR,18.933946069995883,19.095428571428574
1136KO,8.989124085691385,8.685806451612903
1137BR,13.788083504341316,13.226571428571429
1137KO,22.146584386762665,52.81
1138BR,18.95148806822303,79.03
1138KO,1.6546298679765237,34.1
1139BB,12.551145366061219,23.085
1139BR,1.9263523388345498,29.05333333333333
1139KO,7.59635202597695,7.447777777777778
1140BR,15.172221975171121,15.625428571428571
1140KO,9.942269561504226,10.337714285714286
1141BR,14.321102341262266,15.124285714285715
1141KO,1.7677669529663689,34.52
1142BB,5.020458146424487,24.58
1142BR,16.91223390916526,15.191714285714287
1142KO,0.1767766952966369,24.505
1143BR,24.764664980504755,25.635142857142856
1144BB,32.0319371877506,46.87
1144BR,7.206707986313863,13.139999999999999
1144KO,0.4525483399593908,20.0
1145BR,14.066013136145525,13.647428571428572
1145KO,11.308849354902739,11.902916666666668
1146BB,0.5343869235469474,0.6304166666666667
1146BR,18.82063065232567,19.139714285714284
1146KO,3.203193718775061,53.325
1147BR,15.429208887391354,16.18114285714286
1147KO,24.400235689039402,22.194285714285712
1148BB,8.209509729575815,37.625
1148BR,2.0718228688765814,40.095
1149BR,25.79481257536715,26.91971428571429
1150BR,6.172440765207879,77.6575
1150KO,12.723901393309626,22.29
1151BB,3.867874093090414,25.785
1151BR,1.3484188271206183,64.16333333333334
1151KO,5.798275605729692,55.42
1152BB,0.26162950903902576,34.835
1152BR,12.308893027523851,12.717714285714285
1152KO,2.7930717856868625,5.175000000000001
1153BB,1.4142135623730951,7.23
1153BR,15.080446530624524,15.028285714285715
1153KO,20.64751801064719,30.53
1154BB,0.9687362902255733,36.655
1154BR,88.1150953772016,113.775
1154KO,1.9233304448274098,26.740000000000002
1156BB,14.445501194555511,15.11047619047619
1156BR,33.502782287571335,35.26714285714286
1157BR,17.48924327271197,18.05142857142857
1158BR,16.402321407746683,17.186285714285713
1159BR,62.24230635186971,60.60999999999999
1159KO,12.981204454553094,12.39909090909091
1160BR,9.932726667316436,8.039047619047619
1161BR,23.894882983038627,24.40714285714286
1161KO,4.4052752467921925,25.345
1162BR,20.090919069958705,21.353428571428573
1162KO,3.3587572106361008,23.945
1163BR,23.206604156372986,23.79
1163KO,1.0111626970967664,28.545
1164BR,21.974472687891137,21.95529411764706
1164KO,18.292748107742952,19.945
1165BR,17.49178035055131,18.742857142857144
1166BR,19.082340919236906,20.38057142857143
1166KO,20.681906746397118,31.8
1167BR,18.6642826105216,21.05029411764706
1168BR,5.347761992958671,77.4375
1169BR,20.04707794461944,19.872
1169KO,13.251181079435899,20.7
1170BR,26.1356341558278,43.065
1171BR,21.922014824134664,23.133142857142857
1172BR,21.848169578927656,23.115142857142857
1173BR,11.908605781814535,80.7325
1175BR,0.15556349186103965,33.12
1176BR,19.876270565592495,20.760857142857144
1177BR,22.08769353160756,22.43057142857143
1177KO,8.146148899770566,8.066521739130435
1178BR,17.455947930469446,18.487714285714283
1178KO,14.410836200581837,17.27
1179BR,21.8666383509928,23.074857142857145
1180BR,23.96740289811711,23.554285714285715
1181BR,21.09655151237485,22.007142857142856
1182BR,18.002896979760383,19.21657142857143
1183BR,21.64253090638,22.368285714285715
1184BR,21.256433293561653,40.49818181818182
1185BR,19.25123552115316,37.09090909090909
1186BR,18.9261124224858,19.80257142857143
1186KO,1.2162236636408612,4.91
1187BR,17.575784008954244,17.904
1188BR,22.87070928487522,23.52542857142857
1189BR,21.737391759459133,22.757714285714286
1190BR,18.323273385588752,19.513714285714286
1191BR,20.519457529645475,20.614571428571427
1192BR,18.024099287510886,18.975142857142856
1193BR,0.41012193308819134,73.05000000000001
1194BR,20.39387972535145,20.571428571428573
1195BR,8.617688688583112,83.6925
1197BR,219.9334137680463,188.8325
1199BR,8.647319430513328,22.673333333333332
1200BR,2.326381310103741,75.275
1202BR,7.194677094032431,8.27742857142857
1203BR,172.69177154205505,-57.28249999999999
1204BR,75.75589240008551,92.04333333333334
1205BR,51.42923584888268,57.57
1206BR,11.100984133827767,12.364285714285714
1207BR,18.89428726076845,19.031714285714287
1208BR,19.538131224984284,18.976
1209BR,0.6363961030678917,27.36
1210BR,25.493981290037976,27.21657142857143
1211BR,21.900549327364736,23.10257142857143
1212BR,11.328412840243404,12.180857142857143
1213BR,8.499630122671352,17.613
1214BR,7.17811862947552,7.757999999999999
1215BR,9.756879322695706,10.780000000000001
1216BR,9.544550119035991,10.305714285714286
1217BR,10.431655298604701,11.120285714285714
1218BR,5.634463535043162,6.341714285714286
1219BR,16.305075952542566,27.60727272727273
1220BR,0.6616141876753625,50.50666666666667
1221BR,20.909891097618985,22.168857142857142
1222BR,529.9249408170934,325.56
1223BR,66.73552277460632,79.66
1224BR,672.8427925105041,428.1133333333333
1225BR,13.412558469802931,13.973999999999998
1226BR,8.422797964228899,8.412571428571429
1227BR,13.217597926929962,13.09142857142857
1228BR,33.48191352556382,54.373333333333335
1230BR,8.27557927089745,8.742285714285714
1232BR,16.290946757325063,17.325625
1233BR,7.046646956768398,58.903333333333336
1237BR,7.744296377757933,8.659714285714287
1239BR,7.03229692205897,106.92
1240BR,22.416918393305107,23.98857142857143
1242BR,19.12858985450174,20.006764705882354
1243BR,13.410711728899038,14.38857142857143
1244BR,3.2731788829821133,54.51
1245BR,26.2718831037705,43.63727272727272
1246BR,1.1154072499913794,80.90666666666667
1247BR,21.19720014014852,22.473428571428574
1248BR,20.602213012402412,21.68114285714286
1249BR,7.417717528548346,68.49333333333333
1250BR,19.192443304592565,41.68
1251BR,1250.7105777250522,792.8366666666667
1252BR,15.59050866726938,16.885714285714286
1253BR,20.531974932330517,21.473714285714287
1254BR,18.80456395969568,19.99085714285714
1255BR,19.910504491119983,41.21090909090909
1256BR,6.42052957317385,45.83
1258BR,19.77216370251348,19.893142857142855
1259BR,4.660357640067269,56.68333333333334
1260BR,236.49578093488265,171.51999999999998
1261BR,18.505928584459337,18.59114285714286
1262BR,12.054116058408423,11.870857142857144
1263BR,1.3480479714510676,49.196666666666665
1264BR,12.208805404779158,12.559999999999999
1266BR,15.717815793975104,35.57666666666667
1267BR,3.378421722244476,65.39333333333333
1269BR,11.524644607680242,88.47666666666667
1270BR,138.67005660920458,23.980000000000004
1271BR,134.96574763003142,112.55666666666667
1272BR,10.076271631908302,99.975
1273BR,0.8061017305526595,75.33000000000001
1274BR,20.83883733994467,22.226285714285712
1275BR,23.073594249631736,24.138857142857145
1276BR,13.958815762054874,14.709142857142858
1277BR,20.08349151488783,21.17457142857143
1279BR,17.90407051037099,18.463428571428572
1280BR,1.4373239022572484,30.53
1281BR,12.298251853636037,12.148857142857143
1282BR,8.760531919850335,9.583235294117646
1283BR,2.8918045116040156,36.57333333333333
1284BR,1.977633265631761,62.376666666666665
1285BR,16.26879475736119,16.946285714285715
1287BR,11.098734162056502,67.08
1288BR,5.049455416181042,77.95
1289BR,4.2983989267322915,30.94666666666667
1290BR,22.95336645088409,24.92742857142857
1291BR,22.79937674586742,59.474000000000004
1292BR,196.66737706086386,183.23000000000002
1293BR,14.22439998586876,15.14257142857143
1294BR,21.025929410207414,22.475714285714286
1296BR,2.2005510673465407,18.947499999999998
1297BR,2.8411969308726217,79.45
1298BR,19.59016625201309,20.98542857142857
1300BR,124.87377480213101,123.39333333333332
1301BR,15.070363191465859,16.030571428571427
1302BR,0.4424086962814526,0.8036363636363636
1304BR,20.179868410761014,21.73857142857143
1305BR,18.908035328928285,67.53
1307BR,68.331922993576,145.14000000000001
1309BR,26.109652749944587,27.015428571428572
1310BR,1.1184066046538355,65.71333333333334
1311BR,20.62901231459302,21.627428571428574
1312BR,22.61624264984435,23.354857142857142
1313BR,929.0125250097547,507.8975
1314BR,4.97869295391991,7.2540000000000004
1315BR,15.774471993276563,58.935
1316BR,9.996481835671442,17.46909090909091
1317BR,12.63525970841754,13.499428571428572
1319BR,1447.3282489124574,924.19
1321BR,1.1596551211459383,24.61
1323BR,1.7114029332684932,32.54
1324BR,0.13435028842544242,36.705
1325BR,26.180607963401716,87.79333333333334
1327BR,6.358309523764945,32.77
1328BR,5.039070681517907,56.03333333333333
1329BR,9.985614383794758,11.642285714285714
1330BR,19.702803409283515,20.812857142857144
1331BR,8.158751947040265,58.776666666666664
1333BR,1.4335038658243384,60.27333333333333
1335BR,0.21213203435596223,62.33
1336BR,3.033488091290291,38.765
1337BR,5.184846510103586,67.52333333333333
1340BR,11.866638108579867,48.32
1343BR,3.3905948347352473,59.81333333333333
1344BR,8.772783670724666,81.41666666666667
1345BR,28.189172123352613,85.1425
1346BR,1.9835069951981543,20.38
1348BR,4.887385804292515,5.348
1349BR,90.32478342072014,58.325
1350BR,78.64421233208031,58.57333333333333
1351BR,10.774007301525895,29.343333333333334
1353BR,480.62511720848164,306.4775
1355BR,0.37476659402887097,32.805
1356BR,7.092281015301073,33.075
1358BR,1205.2245534754093,674.695
1363BR,15.197312262370602,69.94
1366BR,2.206173157302024,63.06999999999999
1368BR,10.219178049138787,27.16
1370BR,24.326303322398438,60.79666666666666
1371BR,6.385174234114525,71.635
1372BR,32.97621301787093,42.5725
1373BR,23.199502149830725,67.65
1376BR,16.20074381008477,45.18
1377BR,0.8750047618918009,66.60666666666667
1378BR,335.12578280400925,217.955
1380BR,2.9250014245010765,49.96333333333334
1381BR,23.511300474452703,50.94499999999999
1383BR,0.4949747468305853,34.39
1384BR,4.143645737753171,38.09
1385BR,0.6848600830339979,30.973333333333333
1386BR,6.484169183480642,54.685
1387BR,5.465935418572021,77.535
1388BR,17.36654254594161,18.24
1389BR,11.240819365153056,27.977999999999998
1390BR,8.326637476596822,35.8775
1391BR,0.6434671708797634,52.114999999999995
1392BR,21.571984918716534,68.84666666666668
1393BR,9.616652224137045,63.290000000000006
1394BR,26.60842817604978,68.675
1395BR,0.8782748241106931,37.895
1396BR,9.29493801878793,8.690857142857142
1399BR,3.5001785668734122,52.985
1400BR,19.979823049539476,22.96909090909091
1401BR,5.416437943888953,23.240000000000002
1402BR,1.4990663761154803,30.189999999999998
1403BR,2.2792103895867095,19.25
1405BR,2.5173001410241107,68.59
1406BR,2.6570723236926237,48.98666666666666
1410BR,6.693971551033842,7.694857142857143
1411BR,1.3364318164425752,28.435
1413BR,9.194337025220108,36.04666666666667
1415BR,8.818494511794258,15.183636363636365
1416BR,22.055764670371445,29.071363636363632
1419BR,0.6434671708797558,67.365
1421BR,953.5927198832243,383.9385714285714
1429BR,20.041661679041056,21.770285714285716
1430BR,6.045762979144987,61.504999999999995
1432BR,191.76989501309464,138.33666666666667
1443BR,25.381534024649586,45.132222222222225
1448BR,5.161879502661795,60.25
1449BR,0.0,50.67
1451BR,34.27728742671061,65.20666666666666
1457BR,3.309259735953042,18.86
1458BR,22.082944776455882,22.845
1600BR,5.241650075388523,5.093333333333333
1601BR,5.947794630160563,5.912352941176471
1602BR,21.230603472570525,53.097142857142856
1603BR,2.015254326381664,39.724999999999994
1606BR,9.71341702245409,11.003428571428572
1607BR,24.01319907883995,54.254
1608BR,6.266320848375856,6.4237142857142855
1609BR,9.811964974798201,22.581666666666667
1610BR,9.818090954966754,25.235
1612BR,28.779245994292484,38.379999999999995
1616BR,12.735548149438511,22.41333333333333
1617BR,6.754237014427227,6.930000000000001
1623BR,2.933693917231312,5.08
1625BR,21.356025931566567,32.84538461538462
1632BR,7.318039246886581,6.904347826086957
1634BR,3.4796754261609766,2.57375
1900BB,0.424264068711927,50.28
1902BB,11.001690015323886,10.811428571428571
1904BB,22.006396892470793,22.845588235294116
1906BB,3.66988419435818,23.765
1907BB,3.7193816690412422,27.79
1908BB,1.937472580451139,48.66
1909BB,15.464425304549794,24.884999999999998
1910BB,6.300321420372136,35.235
1911BB,11.066898694877851,9.060571428571428
1913BB,7.988512585790508,8.335
1914BB,5.614427842621185,65.33
1915BB,19.80088565628086,21.444857142857142
1916BB,5.133595231414331,49.010000000000005
1917BB,13.102688655386727,57.215
1918BB,3.5143207024971406,54.835
1919BB,1.6758430714121209,67.005
1920BB,26.60004528362516,47.23090909090909
1921BB,16.91330067561,22.963076923076922
1922BB,8.42164176393178,79.065
1923BB,26.402365690124963,25.94157894736842
1924BB,17.489968403685147,15.996190476190478
1925BB,23.57859304538759,27.98
1926BB,26.160118255361596,24.45263157894737
1927BB,24.43568281759085,23.52952380952381
1928BB,23.059749698128794,22.79315789473684
1929BB,8.445824357375084,8.814571428571428
1930BB,17.70521871061307,16.46157894736842
1931BB,4.5325544674057685,25.655
1933BB,0.07778174593051983,46.835
1934BB,0.3181980515339384,101.985
1935BB,19.963470766282896,20.054583333333333
1936BB,0.0,16.38
1938BB,0.13435028842544242,61.765
1939BB,0.5232590180780441,13.5
1940BB,107.50678316513404,38.51083333333334
1941BB,19.15702845939159,21.61
1944BB,0.27577164466275395,35.065
1945BB,8.43118657516351,10.36875
1946BB,10.139911242215094,79.98
1947BB,13.692944082521437,11.51
1948BB,8.974568406319612,9.565416666666666
1950BB,5.833630944789017,55.415
1950BR,1.4566399692442895,49.01
1951BB,19.62618289321648,20.61542857142857
1952BB,3.097127701597075,51.97
1953BB,19.791530732601146,21.583714285714283
1953BR,1.781909088590092,65.65
1954BB,25.41208083973137,26.41057142857143
1954BR,24.382615847270277,42.42
1955BB,5.48520302797121,6.144516129032259
1955BR,5.122580729801467,42.34666666666667
1956BB,0.28284271247462306,89.0
1956BR,9.585582600004688,10.70657142857143
1957BB,1.7677669529663689,50.12
1957BR,1.0748023074035595,65.0
1958BB,19.462837525340827,20.09285714285714
1958BR,16.270297978295325,17.019142857142857
1959BB,9.462323812353103,12.079473684210527
1959BR,17.048953490641306,18.13285714285714
1960BB,24.35982861187656,71.58500000000001
1960BR,18.884073536536906,72.84333333333333
1961BR,132.6049595289206,140.0175
1962BB,25.009128637707292,25.6675
1962BR,129.2371668677397,140.67
1963BB,4.780041840821055,75.25
1963BR,8.948308965013075,76.14333333333333
1964BB,20.1185939314929,19.903030303030302
1964BR,24.360170883114623,46.64363636363637
1965BB,17.04782722001109,20.058529411764706
1965BR,11.587849997433745,12.839714285714285
1966BB,22.852281726881827,22.816764705882353
1966BR,21.82653543489917,43.229090909090914
1967BB,20.628112198219178,22.767083333333332
1967KO,19.452791327214918,20.324857142857145
1968BB,24.63431006277439,26.490285714285715
1968BR,20.28644758942086,21.591714285714286
1968KO,20.038340653219112,20.94257142857143
1969BB,30.985647205974395,32.09714285714286
1969BR,0.01414213562373112,3.6399999999999997
1970BB,3.549676041556467,33.99
1970BR,350.31821134505697,293.18
1971BB,17.837008032614538,16.28
1971KO,18.020969690097942,19.28
1972BB,8.617179840632149,9.856666666666667
1972BR,20.09582428718744,20.941428571428574
1972KO,19.21178503860971,20.14742857142857
1973BB,14.373376929926657,14.993428571428572
1973BR,5.741707063234761,46.56
1973KO,22.360598825432486,22.962857142857143
1974BB,1.3576450198781649,50.769999999999996
1974BR,18.622821605165395,20.724857142857143
1974KO,19.984747433980747,51.455999999999996
1975BB,14.467404743076765,41.08
1975BR,3.557419476718112,68.68666666666667
1975KO,6.57417160324459,8.740285714285715
1976BB,9.834928377496004,10.481904761904762
1976BR,24.441372636651085,44.72181818181818
1976KO,5.8326714118248875,6.9397142857142855
1977BB,9.200566633993507,10.589714285714285
1977BR,23.93666865682346,24.973714285714287
1977KO,15.376622708707073,12.435185185185185
1978BB,15.35003666269949,16.43457142857143
1978BR,4.351425053933491,86.23
1978KO,5.960647658115826,7.719714285714286
1979BB,17.088641107218102,17.78125
1979BR,21.305839208295644,22.12457142857143
1979KO,18.14965795913558,19.754285714285714
1980BB,6.434671708797594,68.75999999999999
1980BR,18.956497145665217,20.254285714285714
1980KO,18.562305450991644,18.966451612903228
1981BB,25.85059308521069,25.08857142857143
1981BR,1.930401512639275,39.685
1981KO,21.677362866371364,22.412571428571425
1982BB,16.196779880192082,14.972571428571428
1982BR,17.57877498337033,18.642285714285716
1982KO,18.72460351982893,19.786285714285714
1983BB,15.210212816165441,17.585
1983BR,20.28215644974915,21.38657142857143
1983KO,20.29133913849979,21.331714285714288
1984BB,37.06653746979883,54.410000000000004
1984BR,22.617830821996108,22.872285714285713
1984KO,21.42055334360479,23.02342857142857
1985BB,15.273709394101427,15.966857142857144
1985BR,25.838973769376864,46.723636363636366
1985KO,19.221083421575376,20.15857142857143
1986BB,27.09508221061527,75.436
1986BR,21.625345688207016,22.649428571428572
1986KO,10.030079927963907,11.117142857142856
1987BB,939.558703892686,324.9042857142857
1987BR,14.8951748602575,14.988000000000001
1987KO,18.178278784579483,18.410645161290322
1988BB,20.632901894297618,22.526666666666667
1988KO,19.099715141524886,20.298571428571428
1989BB,19.469304916960436,20.741142857142854
1989BR,18.47255346714792,19.724857142857143
1990BB,22.88890331421618,24.080833333333334
1990BR,23.116829751888073,45.432
1990KO,21.45503315222387,22.236285714285714
1991BB,22.829566066295744,24.184583333333336
1991BR,11.214713549618637,63.56
1991KO,19.503895740995702,20.425428571428572
1992BB,22.727495830440468,23.734571428571428
1992BR,20.182502230955436,21.255142857142857
1992KO,7.983235559596121,78.745
1993BB,19.931745899992023,20.992285714285714
1993BR,16.66591191624389,50.278
1993KO,19.426485308170687,20.68542857142857
1994BB,21.043739291327114,22.573142857142855
1994BR,15.357131718581071,16.507714285714286
1995BR,21.618263819933258,23.004
1995KO,17.83406152339304,19.34285714285714
1996BB,14.660763029427972,13.79257142857143
1996BR,5.819029128643369,81.5
1996KO,17.22851218964968,19.019714285714283
1997BB,21.959090037934583,23.04
1997BR,3.5689447553396887,59.095
1997KO,17.48914209137878,18.970285714285716
1998BB,10.917728701520293,74.78
1998BR,257.836230322014,187.96
1998KO,19.034715467828157,19.968
1999BB,24.564413516885992,25.11342857142857
1999BR,2.73650324319194,13.865
1999KO,20.275267576387684,21.328
2001BR,0.4171930009000617,24.744999999999997
2002KO,17.343492989905727,28.03909090909091
2004KO,7.06549464806596,8.389714285714286
2006BR,9.37345129026172,14.73090909090909
2012BB,0.5868986283848339,9.055
2014BB,3.245620125646253,10.935
2017BB,4.695189027078675,7.390000000000001
2019BB,3.0476302269140194,11.175
2023BB,0.38890872965259915,34.345
2025KO,1.695878221210612,1.788333333333333
2028BB,1.576848122046001,3.5549999999999997
2032BB,13.76736902970208,17.445
2037BB,8.408919506852666,14.535454545454543
2037KO,1.0465180361560906,12.1
2039BB,103.45435158001008,106.76542857142857
2040KO,0.014142135623730649,8.58
2042KO,5.416437943888956,19.869999999999997
2046BB,3.73352380466497,16.33
2048KO,3.06440049930946,2.387142857142857
2049KO,0.1343502884254443,12.725000000000001
2050KO,0.14849242404917495,3.405
2054BR,0.028284271247461926,3.12
2055KO,26.16498045450969,28.65514285714286
2061BR,0.9117126740371663,2.418
2062BR,63.71046731467715,111.36636363636363
2064BB,19.325228329828352,115.855
2074BR,0.09192388155425078,5.055
2075BB,12.544074298249352,16.27
2075BR,12.427054211020259,18.181818181818183
2076BB,1.5627059864222732,36.855000000000004
2076BR,23.941844052060624,18.860588235294117
2077BR,0.34648232278140795,3.1550000000000002
2078BB,5.8194888091652865,13.705
2078BR,0.10606601717798238,4.865
2079BR,15.457680476523176,14.004285714285714
2080BR,6.473768556855512,7.231714285714286
2082BR,11.020602469369758,18.336666666666666
2083BR,9.615524714247426,11.029696969696971
2084BB,1.5049572630597732,2.5481818181818183
2086BR,11.667261889578034,18.65
2099BB,3.466193353469533,5.841818181818183
2104BB,1.1525840533340705,19.585
2106BB,8.24928392104939,8.919714285714285
2107BB,0.049497474683058526,8.735
2108BB,0.049497474683058214,4.475
2111BB,0.04242640687119289,6.3100000000000005
2112BB,0.8273149339882612,9.515
2113BB,2.5541083344404116,2.2220833333333334
2116BB,12.07676616517863,11.311142857142856
2120BB,0.16263455967290608,3.7249999999999996
2121BB,4.666904755831213,18.1
2123BB,0.3181980515339462,4.5649999999999995
4008BR,54.72098752379496,61.05823529411765
4060BR,38.06197781318989,22.880142857142857
4351BR,138.3515913967628,136.20142857142858
4361BR,103.42963062111441,115.43514285714286
4362BR,104.04647031838363,115.38285714285715
4365BR,69.31410285520437,72.75428571428571
4366BR,72.98734928601202,78.72971428571428
4367BR,1234.149513257213,262.24888888888887
4368BR,51.99467395639608,56.100857142857144
4372BB,70.72992519780715,71.38142857142857
4373BB,121.51959592502565,124.27657142857144
4376BB,12.283249279499248,10.057083333333333
4378BB,11.302652600089914,12.751714285714286
4380BB,85.92625456891756,91.87
4391KO,157.44268711329383,201.64636363636365
4392KO,49.626788980729096,52.86914285714286
4396KO,104.11648956817552,358.66999999999996
5006KO,46.22101403320329,24.915151515151514
5240BB,0.014142135623730727,1.13
5417BR,3.691097397793781,20.4
5425BR,0.23334523779156074,6.715
7224KO,5.3810826048296265,8.635
7541BR,8.994101914237879,9.806857142857144
9503BB,2.3051681066681446,4.89
9510BB,0.49497474683058273,6.83
9511BB,0.0,0.0
9512BB,0.25455844122715765,7.449999999999999
9513BB,0.021213203435596288,5.154999999999999
9515BB,18.15850214087054,15.41
9516BB,0.1131370849898477,6.32
9517BB,0.0,6.95
9518BB,0.021213203435596288,6.225
0208BR,,22.51
0220KO,,64.18
0265BR,,12.81
0472BB,,222.93
0489BR,,25.55
0630KO,,21.24
0670BR,,28.18
1100BB,,94.91
1106KO,,51.81
1110BB,,17.25
1170BB,,12.6
1179BB,,52.48
1203KO,,49.95
1322BR,,24.1
1326BR,,46.77
1341BR,,40.48
1347BR,,34.66
1359BR,,65.13
1367BR,,39.51
1398BR,,44.5
1409BR,,46.82
1414BR,,35.42
1442BR,,33.16
1481BR,,41.01
1486BR,,31.86
1952BR,,75.21
4012KO,,0.0
